-1.656642369925975800e-02,-4.133798182010650635e-02,8.080745339393615723e-01,-2.697909809648990631e-02,1.337217818945646286e-02,-1.724831610918045044e-01,9.845521450042724609e-01,-1.485103517770767212e-01,1.907599419355392456e-01,1.120496541261672974e-01,1.398823559284210205e-01,-5.344644933938980103e-02,-4.434254392981529236e-02,-1.377735380083322525e-02,-2.627326846122741699e-01,2.191031165421009064e-02,6.189450621604919434e-02,8.122000098228454590e-02,2.433909624814987183e-01,1.813873499631881714e-01,-8.757529407739639282e-02,3.468482792377471924e-01,-9.739605784416198730e-01,5.625036358833312988e-01,-9.703522324562072754e-01,5.774569511413574219e-01,6.086262464523315430e-01,-1.207236200571060181e-01,-1.858947426080703735e-02,0.000000000000000000e+00,0.000000000000000000e+00,0.000000000000000000e+00,0.000000000000000000e+00,0.000000000000000000e+00,0.000000000000000000e+00,0.000000000000000000e+00,-9.563054442405700684e-01,-4.587218165397644043e-01,1.104029893875122070e+00,4.767175018787384033e-01,-4.743293225765228271e-01,-8.689285814762115479e-02,1.612009555101394653e-01,0.000000000000000000e+00,0.000000000000000000e+00,0.000000000000000000e+00,0.000000000000000000e+00,0.000000000000000000e+00,0.000000000000000000e+00,0.000000000000000000e+00
-2.250156924128532410e-02,-5.006023123860359192e-02,8.062385916709899902e-01,-2.273869328200817108e-02,5.422286223620176315e-03,-1.675818860530853271e-01,9.855809807777404785e-01,-1.375153660774230957e-01,1.901086866855621338e-01,1.053183972835540771e-01,1.367825120687484741e-01,-4.844193160533905029e-02,-6.005438044667243958e-02,1.242959313094615936e-02,-2.578424811363220215e-01,4.772951081395149231e-02,7.076002657413482666e-02,5.191987007856369019e-02,2.352139800786972046e-01,2.017788290977478027e-01,-8.864629268646240234e-02,3.751470744609832764e-01,-1.032867431640625000e+00,5.416386127471923828e-01,-9.674260616302490234e-01,6.433326005935668945e-01,6.011398434638977051e-01,-1.431300491094589233e-01,3.595521301031112671e-02,0.000000000000000000e+00,0.000000000000000000e+00,0.000000000000000000e+00,0.000000000000000000e+00,0.000000000000000000e+00,0.000000000000000000e+00,0.000000000000000000e+00,-1.000586748123168945e+00,-4.490164816379547119e-01,1.095966100692749023e+00,5.401578545570373535e-01,-4.619934856891632080e-01,-1.048168987035751343e-01,1.230723708868026733e-01,0.000000000000000000e+00,0.000000000000000000e+00,0.000000000000000000e+00,0.000000000000000000e+00,0.000000000000000000e+00,0.000000000000000000e+00,0.000000000000000000e+00
-2.927589602768421173e-02,-6.012834608554840088e-02,8.044174313545227051e-01,-1.978013850748538971e-02,2.309477888047695160e-03,-1.603275835514068604e-01,9.868629574775695801e-01,-1.368357837200164795e-01,1.955673992633819580e-01,9.863793849945068359e-02,1.274694353342056274e-01,-3.799366950988769531e-02,-7.230612635612487793e-02,3.111032769083976746e-02,-2.469276487827301025e-01,5.830828845500946045e-02,7.841717451810836792e-02,1.646945439279079437e-02,2.211572974920272827e-01,2.155387550592422485e-01,-8.216852694749832153e-02,3.854943811893463135e-01,-1.060021400451660156e+00,5.291050076484680176e-01,-9.443837404251098633e-01,6.784101128578186035e-01,5.932606458663940430e-01,-1.508404463529586792e-01,8.246763795614242554e-02,0.000000000000000000e+00,0.000000000000000000e+00,0.000000000000000000e+00,0.000000000000000000e+00,0.000000000000000000e+00,0.000000000000000000e+00,0.000000000000000000e+00,-1.020500421524047852e+00,-4.667411148548126221e-01,1.086802959442138672e+00,5.698541998863220215e-01,-4.658341705799102783e-01,-1.151996999979019165e-01,9.222729504108428955e-02,0.000000000000000000e+00,0.000000000000000000e+00,0.000000000000000000e+00,0.000000000000000000e+00,0.000000000000000000e+00,0.000000000000000000e+00,0.000000000000000000e+00
-3.675137087702751160e-02,-7.112113386392593384e-02,8.023427128791809082e-01,-1.723891869187355042e-02,1.150199444964528084e-03,-1.517688035964965820e-01,9.882650375366210938e-01,-1.407126933336257935e-01,2.036435306072235107e-01,9.204393625259399414e-02,1.145743876695632935e-01,-2.579369395971298218e-02,-8.299836516380310059e-02,4.179944097995758057e-02,-2.343887388706207275e-01,4.075399786233901978e-02,8.662265539169311523e-02,-3.091067075729370117e-02,1.919396817684173584e-01,2.273199409246444702e-01,-6.628073751926422119e-02,3.951785564422607422e-01,-1.071604728698730469e+00,5.264757871627807617e-01,-9.144052863121032715e-01,7.016550302505493164e-01,6.064183115959167480e-01,-1.432574838399887085e-01,1.292288601398468018e-01,0.000000000000000000e+00,0.000000000000000000e+00,0.000000000000000000e+00,0.000000000000000000e+00,0.000000000000000000e+00,0.000000000000000000e+00,0.000000000000000000e+00,-1.029596209526062012e+00,-4.972219765186309814e-01,1.076172590255737305e+00,5.884595513343811035e-01,-4.854165315628051758e-01,-1.191947460174560547e-01,5.717529729008674622e-02,0.000000000000000000e+00,0.000000000000000000e+00,0.000000000000000000e+00,0.000000000000000000e+00,0.000000000000000000e+00,0.000000000000000000e+00,0.000000000000000000e+00
-4.488491639494895935e-02,-8.262173086404800415e-02,7.999246120452880859e-01,-1.499598100781440735e-02,-1.196972094476222992e-03,-1.421144306659698486e-01,9.897359013557434082e-01,-1.450045257806777954e-01,2.129778861999511719e-01,8.138608187437057495e-02,1.028417572379112244e-01,-9.239757433533668518e-03,-1.013345867395401001e-01,4.973205178976058960e-02,-2.235693633556365967e-01,6.565426476299762726e-03,9.718124568462371826e-02,-8.339503407478332520e-02,1.570427715778350830e-01,2.378737628459930420e-01,-4.210883751511573792e-02,4.067011177539825439e-01,-1.074969053268432617e+00,5.251772999763488770e-01,-8.760069608688354492e-01,7.190762758255004883e-01,6.158835887908935547e-01,-1.283967941999435425e-01,1.885148286819458008e-01,0.000000000000000000e+00,0.000000000000000000e+00,0.000000000000000000e+00,0.000000000000000000e+00,0.000000000000000000e+00,0.000000000000000000e+00,0.000000000000000000e+00,-1.031378507614135742e+00,-5.288015604019165039e-01,1.060684680938720703e+00,6.070826649665832520e-01,-5.024819374084472656e-01,-1.226882785558700562e-01,1.478618662804365158e-02,0.000000000000000000e+00,0.000000000000000000e+00,0.000000000000000000e+00,0.000000000000000000e+00,0.000000000000000000e+00,0.000000000000000000e+00,0.000000000000000000e+00
-5.356176570057868958e-02,-9.398920834064483643e-02,7.992990016937255859e-01,-1.314668357372283936e-02,-4.009318538010120392e-03,-1.336895823478698730e-01,9.909279346466064453e-01,-1.494548916816711426e-01,2.262135744094848633e-01,7.315064221620559692e-02,9.094204008579254150e-02,2.525411173701286316e-02,-1.264253556728363037e-01,5.560678988695144653e-02,-2.127403169870376587e-01,-3.524095192551612854e-02,1.064992323517799377e-01,-1.216316670179367065e-01,1.254655122756958008e-01,2.418356388807296753e-01,-1.501368358731269836e-02,4.228906631469726562e-01,-1.073283553123474121e+00,5.205394029617309570e-01,-8.396118283271789551e-01,7.419463992118835449e-01,6.225332617759704590e-01,-1.138138249516487122e-01,2.386154681444168091e-01,0.000000000000000000e+00,0.000000000000000000e+00,0.000000000000000000e+00,0.000000000000000000e+00,0.000000000000000000e+00,0.000000000000000000e+00,0.000000000000000000e+00,-1.037436485290527344e+00,-5.556578636169433594e-01,1.048942446708679199e+00,6.220644116401672363e-01,-5.141724944114685059e-01,-1.292727291584014893e-01,-2.911122702062129974e-02,0.000000000000000000e+00,0.000000000000000000e+00,0.000000000000000000e+00,0.000000000000000000e+00,0.000000000000000000e+00,0.000000000000000000e+00,0.000000000000000000e+00
-6.266195327043533325e-02,-1.046510860323905945e-01,8.009890913963317871e-01,-1.023332402110099792e-02,-8.548320271074771881e-03,-1.251374483108520508e-01,9.920498132705688477e-01,-1.521667093038558960e-01,2.467390447854995728e-01,7.629363983869552612e-02,7.888887077569961548e-02,7.303448766469955444e-02,-1.489939987659454346e-01,6.148858368396759033e-02,-2.056724727153778076e-01,-6.967095285654067993e-02,1.142699867486953735e-01,-1.353986859321594238e-01,1.051393076777458191e-01,2.369673550128936768e-01,6.839821580797433853e-03,4.384443461894989014e-01,-1.066501498222351074e+00,5.100324153900146484e-01,-7.994108796119689941e-01,7.725492715835571289e-01,6.122860312461853027e-01,-9.814305603504180908e-02,2.792456746101379395e-01,0.000000000000000000e+00,0.000000000000000000e+00,0.000000000000000000e+00,0.000000000000000000e+00,0.000000000000000000e+00,0.000000000000000000e+00,0.000000000000000000e+00,-1.040962696075439453e+00,-5.697798132896423340e-01,1.037178516387939453e+00,6.376004219055175781e-01,-5.117841362953186035e-01,-1.316764056682586670e-01,-6.321363896131515503e-02,0.000000000000000000e+00,0.000000000000000000e+00,0.000000000000000000e+00,0.000000000000000000e+00,0.000000000000000000e+00,0.000000000000000000e+00,0.000000000000000000e+00
-7.250290364027023315e-02,-1.145491600036621094e-01,8.040949702262878418e-01,-4.025045316666364670e-03,-1.124513428658246994e-02,-1.129284575581550598e-01,9.935313463211059570e-01,-1.573044508695602417e-01,2.677536010742187500e-01,1.218690872192382812e-01,7.279371470212936401e-02,9.173429757356643677e-02,-1.344146728515625000e-01,6.424418836832046509e-02,-2.073132842779159546e-01,-1.031221747398376465e-01,1.167979463934898376e-01,-1.366644948720932007e-01,9.345033019781112671e-02,2.233554124832153320e-01,2.103824540972709656e-02,4.553112089633941650e-01,-1.060330152511596680e+00,4.910977780818939209e-01,-7.728109955787658691e-01,8.002303242683410645e-01,5.892029404640197754e-01,-9.413256496191024780e-02,2.989783287048339844e-01,0.000000000000000000e+00,0.000000000000000000e+00,0.000000000000000000e+00,0.000000000000000000e+00,0.000000000000000000e+00,0.000000000000000000e+00,0.000000000000000000e+00,-1.043768405914306641e+00,-5.794785022735595703e-01,1.023188948631286621e+00,6.708657741546630859e-01,-5.032806396484375000e-01,-1.280326396226882935e-01,-9.455901384353637695e-02,0.000000000000000000e+00,0.000000000000000000e+00,0.000000000000000000e+00,0.000000000000000000e+00,0.000000000000000000e+00,0.000000000000000000e+00,0.000000000000000000e+00
-8.297331631183624268e-02,-1.235637962818145752e-01,8.076383471488952637e-01,2.910499926656484604e-03,-1.126447226852178574e-02,-1.009266972541809082e-01,9.948258399963378906e-01,-1.617608815431594849e-01,2.759545743465423584e-01,1.691836416721343994e-01,7.452189922332763672e-02,9.117497503757476807e-02,-1.162150055170059204e-01,5.954847112298011780e-02,-2.106987088918685913e-01,-1.302037686109542847e-01,1.162427887320518494e-01,-1.301196515560150146e-01,8.465589582920074463e-02,2.070173323154449463e-01,3.016950190067291260e-02,4.656819701194763184e-01,-1.052293658256530762e+00,4.704709053039550781e-01,-7.620765566825866699e-01,8.239022493362426758e-01,5.636863708496093750e-01,-9.436833113431930542e-02,3.018185794353485107e-01,0.000000000000000000e+00,0.000000000000000000e+00,0.000000000000000000e+00,0.000000000000000000e+00,0.000000000000000000e+00,0.000000000000000000e+00,0.000000000000000000e+00,-1.043341398239135742e+00,-5.794638991355895996e-01,1.013912439346313477e+00,7.130910754203796387e-01,-4.851816296577453613e-01,-1.203140988945960999e-01,-1.156812310218811035e-01,0.000000000000000000e+00,0.000000000000000000e+00,0.000000000000000000e+00,0.000000000000000000e+00,0.000000000000000000e+00,0.000000000000000000e+00,0.000000000000000000e+00
-9.372603893280029297e-02,-1.313248723745346069e-01,8.105667829513549805e-01,7.773027289658784866e-03,-9.805941954255104065e-03,-8.961352705955505371e-02,9.958980083465576172e-01,-1.656094938516616821e-01,2.726043760776519775e-01,1.957934647798538208e-01,8.018767088651657104e-02,9.530204534530639648e-02,-1.104126498103141785e-01,5.032951384782791138e-02,-2.099760919809341431e-01,-1.485011726617813110e-01,1.147062107920646667e-01,-1.202238053083419800e-01,7.648891210556030273e-02,1.913125067949295044e-01,4.070793092250823975e-02,4.703545272350311279e-01,-1.045722007751464844e+00,4.495463371276855469e-01,-7.720566987991333008e-01,8.398024439811706543e-01,5.515137314796447754e-01,-9.967541694641113281e-02,2.796213328838348389e-01,0.000000000000000000e+00,0.000000000000000000e+00,0.000000000000000000e+00,0.000000000000000000e+00,0.000000000000000000e+00,0.000000000000000000e+00,0.000000000000000000e+00,-1.036747813224792480e+00,-5.716875791549682617e-01,1.003806710243225098e+00,7.676162123680114746e-01,-4.673156738281250000e-01,-1.103184819221496582e-01,-1.306100636720657349e-01,0.000000000000000000e+00,0.000000000000000000e+00,0.000000000000000000e+00,0.000000000000000000e+00,0.000000000000000000e+00,0.000000000000000000e+00,0.000000000000000000e+00
-1.047557145357131958e-01,-1.375463157892227173e-01,8.135563731193542480e-01,1.219611894339323044e-02,-7.468915078788995743e-03,-8.176230639219284058e-02,9.965492486953735352e-01,-1.646658778190612793e-01,2.655822336673736572e-01,2.147530913352966309e-01,8.653867244720458984e-02,1.062901094555854797e-01,-1.093081980943679810e-01,3.645635396242141724e-02,-2.096002101898193359e-01,-1.620098501443862915e-01,1.112772151827812195e-01,-1.051868498325347900e-01,7.003429532051086426e-02,1.747652590274810791e-01,4.960791021585464478e-02,4.749347269535064697e-01,-1.045201301574707031e+00,4.415134191513061523e-01,-7.978570461273193359e-01,8.391613960266113281e-01,5.481785535812377930e-01,-1.084716245532035828e-01,2.575508356094360352e-01,0.000000000000000000e+00,0.000000000000000000e+00,0.000000000000000000e+00,0.000000000000000000e+00,0.000000000000000000e+00,0.000000000000000000e+00,0.000000000000000000e+00,-1.032882213592529297e+00,-5.640332698822021484e-01,9.993511438369750977e-01,8.183360695838928223e-01,-4.543491601943969727e-01,-1.006649807095527649e-01,-1.427477896213531494e-01,0.000000000000000000e+00,0.000000000000000000e+00,0.000000000000000000e+00,0.000000000000000000e+00,0.000000000000000000e+00,0.000000000000000000e+00,0.000000000000000000e+00
-1.158683523535728455e-01,-1.422727257013320923e-01,8.161241412162780762e-01,1.531015615910291672e-02,-5.167946219444274902e-03,-7.381952553987503052e-02,9.971407055854797363e-01,-1.623627990484237671e-01,2.567768394947052002e-01,2.266018390655517578e-01,9.242754429578781128e-02,1.143506988883018494e-01,-1.074928268790245056e-01,2.221697941422462463e-02,-2.085873931646347046e-01,-1.739151477813720703e-01,1.072797253727912903e-01,-8.632831275463104248e-02,6.474076211452484131e-02,1.523267626762390137e-01,5.437084287405014038e-02,4.779013395309448242e-01,-1.047384738922119141e+00,4.349562227725982666e-01,-8.320166468620300293e-01,8.298200964927673340e-01,5.499498248100280762e-01,-1.182692423462867737e-01,2.331787198781967163e-01,0.000000000000000000e+00,0.000000000000000000e+00,0.000000000000000000e+00,0.000000000000000000e+00,0.000000000000000000e+00,0.000000000000000000e+00,0.000000000000000000e+00,-1.026155114173889160e+00,-5.561951398849487305e-01,9.993766546249389648e-01,8.489500284194946289e-01,-4.394240379333496094e-01,-9.916551411151885986e-02,-1.486618667840957642e-01,0.000000000000000000e+00,0.000000000000000000e+00,0.000000000000000000e+00,0.000000000000000000e+00,0.000000000000000000e+00,0.000000000000000000e+00,0.000000000000000000e+00
-1.269589364528656006e-01,-1.455488801002502441e-01,8.184689283370971680e-01,1.877209171652793884e-02,-2.665787469595670700e-03,-6.841680407524108887e-02,9.974766373634338379e-01,-1.573710739612579346e-01,2.475899457931518555e-01,2.426309287548065186e-01,1.003179028630256653e-01,1.274004876613616943e-01,-1.050327643752098083e-01,7.146785035729408264e-03,-2.103961706161499023e-01,-1.862803399562835693e-01,9.980988502502441406e-02,-6.562471389770507812e-02,6.432659178972244263e-02,1.285410374402999878e-01,5.772538110613822937e-02,4.812594950199127197e-01,-1.054161071777343750e+00,4.363379478454589844e-01,-8.744112849235534668e-01,8.127460479736328125e-01,5.640532970428466797e-01,-1.272983998060226440e-01,2.091479450464248657e-01,0.000000000000000000e+00,0.000000000000000000e+00,0.000000000000000000e+00,0.000000000000000000e+00,0.000000000000000000e+00,0.000000000000000000e+00,0.000000000000000000e+00,-1.017962217330932617e+00,-5.507103800773620605e-01,1.000680565834045410e+00,8.783565759658813477e-01,-4.328239560127258301e-01,-9.482999145984649658e-02,-1.565916538238525391e-01,0.000000000000000000e+00,0.000000000000000000e+00,0.000000000000000000e+00,0.000000000000000000e+00,0.000000000000000000e+00,0.000000000000000000e+00,0.000000000000000000e+00
-1.376952528953552246e-01,-1.475200355052947998e-01,8.205198049545288086e-01,2.149524539709091187e-02,8.521833806298673153e-04,-6.171299889683723450e-02,9.978621006011962891e-01,-1.567322015762329102e-01,2.367589473724365234e-01,2.387461066246032715e-01,1.083055660128593445e-01,1.451383382081985474e-01,-1.076576188206672668e-01,-1.102848723530769348e-02,-2.122902274131774902e-01,-1.912416964769363403e-01,9.438289701938629150e-02,-4.036178812384605408e-02,6.283508986234664917e-02,1.056311354041099548e-01,5.956251919269561768e-02,4.871958792209625244e-01,-1.059205651283264160e+00,4.402529895305633545e-01,-9.159935712814331055e-01,7.881341576576232910e-01,5.691302418708801270e-01,-1.395242065191268921e-01,1.803513765335083008e-01,0.000000000000000000e+00,0.000000000000000000e+00,0.000000000000000000e+00,0.000000000000000000e+00,0.000000000000000000e+00,0.000000000000000000e+00,0.000000000000000000e+00,-1.003638148307800293e+00,-5.487663745880126953e-01,9.941129088401794434e-01,8.904485106468200684e-01,-4.174354970455169678e-01,-9.636969864368438721e-02,-1.621949374675750732e-01,0.000000000000000000e+00,0.000000000000000000e+00,0.000000000000000000e+00,0.000000000000000000e+00,0.000000000000000000e+00,0.000000000000000000e+00,0.000000000000000000e+00
-1.480670124292373657e-01,-1.483952850103378296e-01,8.217609524726867676e-01,2.265059761703014374e-02,4.759646486490964890e-03,-5.742057040333747864e-02,9.980817437171936035e-01,-1.510803848505020142e-01,2.270312607288360596e-01,2.438873350620269775e-01,1.169312968850135803e-01,1.581549793481826782e-01,-1.092049777507781982e-01,-3.154961392283439636e-02,-2.123133540153503418e-01,-1.958213597536087036e-01,8.988599479198455811e-02,-1.441603805869817734e-02,7.118317484855651855e-02,7.300923764705657959e-02,5.775100365281105042e-02,4.909245371818542480e-01,-1.071321368217468262e+00,4.482699334621429443e-01,-9.592829346656799316e-01,7.636550068855285645e-01,5.688161849975585938e-01,-1.474329084157943726e-01,1.508013904094696045e-01,0.000000000000000000e+00,0.000000000000000000e+00,0.000000000000000000e+00,0.000000000000000000e+00,0.000000000000000000e+00,0.000000000000000000e+00,0.000000000000000000e+00,-9.906344413757324219e-01,-5.426061749458312988e-01,9.935644268989562988e-01,8.877218365669250488e-01,-4.052605032920837402e-01,-9.548339247703552246e-02,-1.538271605968475342e-01,0.000000000000000000e+00,0.000000000000000000e+00,0.000000000000000000e+00,0.000000000000000000e+00,0.000000000000000000e+00,0.000000000000000000e+00,0.000000000000000000e+00
-1.577012687921524048e-01,-1.482093483209609985e-01,8.232203125953674316e-01,2.411121129989624023e-02,1.038202736526727676e-02,-5.179515480995178223e-02,9.983126521110534668e-01,-1.503192633390426636e-01,2.216464430093765259e-01,2.441170066595077515e-01,1.241066157817840576e-01,1.807272434234619141e-01,-1.191373020410537720e-01,-5.513028800487518311e-02,-2.147967964410781860e-01,-1.979436874389648438e-01,8.562771230936050415e-02,1.789250969886779785e-02,7.776120305061340332e-02,3.545074909925460815e-02,5.857362598180770874e-02,4.964309632778167725e-01,-1.085560798645019531e+00,4.477380216121673584e-01,-9.943407177925109863e-01,7.414600849151611328e-01,5.621372461318969727e-01,-1.485113799571990967e-01,1.204410791397094727e-01,0.000000000000000000e+00,0.000000000000000000e+00,0.000000000000000000e+00,0.000000000000000000e+00,0.000000000000000000e+00,0.000000000000000000e+00,0.000000000000000000e+00,-9.749791026115417480e-01,-5.347303748130798340e-01,9.868649840354919434e-01,8.756910562515258789e-01,-3.932060301303863525e-01,-8.840557932853698730e-02,-1.448918730020523071e-01,0.000000000000000000e+00,0.000000000000000000e+00,0.000000000000000000e+00,0.000000000000000000e+00,0.000000000000000000e+00,0.000000000000000000e+00,0.000000000000000000e+00
-1.665145456790924072e-01,-1.471494883298873901e-01,8.240166902542114258e-01,2.588046528398990631e-02,1.548413746058940887e-02,-4.428203776478767395e-02,9.985637664794921875e-01,-1.524335592985153198e-01,2.203668802976608276e-01,2.406210750341415405e-01,1.301959306001663208e-01,1.960105895996093750e-01,-1.297490447759628296e-01,-7.691761106252670288e-02,-2.213319092988967896e-01,-2.040508091449737549e-01,8.524896204471588135e-02,4.462562501430511475e-02,8.081145584583282471e-02,2.046622568741440773e-03,6.408842653036117554e-02,5.026991963386535645e-01,-1.103749632835388184e+00,4.370472431182861328e-01,-1.019852042198181152e+00,7.218754291534423828e-01,5.610992908477783203e-01,-1.461041420698165894e-01,9.654352813959121704e-02,0.000000000000000000e+00,0.000000000000000000e+00,0.000000000000000000e+00,0.000000000000000000e+00,0.000000000000000000e+00,0.000000000000000000e+00,0.000000000000000000e+00,-9.579563736915588379e-01,-5.310802459716796875e-01,9.752730727195739746e-01,8.690682649612426758e-01,-3.850325047969818115e-01,-7.984083890914916992e-02,-1.490073800086975098e-01,0.000000000000000000e+00,0.000000000000000000e+00,0.000000000000000000e+00,0.000000000000000000e+00,0.000000000000000000e+00,0.000000000000000000e+00,0.000000000000000000e+00
-1.814069151878356934e-01,-1.451903134584426880e-01,8.252704739570617676e-01,2.635519579052925110e-02,3.257590159773826599e-02,-3.854436799883842468e-02,9.983779788017272949e-01,-2.064244002103805542e-01,2.268622666597366333e-01,2.104038745164871216e-01,1.560596674680709839e-01,2.271749973297119141e-01,-1.440021544694900513e-01,-1.452537178993225098e-01,-2.267968803644180298e-01,-1.941810548305511475e-01,9.678469598293304443e-02,8.859932422637939453e-02,8.012512326240539551e-02,-2.730246447026729584e-02,7.765714824199676514e-02,5.060301423072814941e-01,-1.129704594612121582e+00,4.182395339012145996e-01,-1.038956642150878906e+00,7.126384973526000977e-01,5.505766868591308594e-01,-1.414386630058288574e-01,7.972901314496994019e-02,0.000000000000000000e+00,0.000000000000000000e+00,0.000000000000000000e+00,0.000000000000000000e+00,0.000000000000000000e+00,0.000000000000000000e+00,0.000000000000000000e+00,-9.521797299385070801e-01,-5.289129614830017090e-01,9.646430611610412598e-01,8.686476945877075195e-01,-3.820252120494842529e-01,-7.038940489292144775e-02,-1.577196270227432251e-01,0.000000000000000000e+00,0.000000000000000000e+00,0.000000000000000000e+00,0.000000000000000000e+00,0.000000000000000000e+00,0.000000000000000000e+00,0.000000000000000000e+00
-1.813123822212219238e-01,-1.430561095476150513e-01,8.241836428642272949e-01,2.830197289586067200e-02,2.902962826192378998e-02,-3.211739286780357361e-02,9.986614584922790527e-01,-1.710502058267593384e-01,2.195986062288284302e-01,2.083085775375366211e-01,1.365861296653747559e-01,2.139616012573242188e-01,-1.523922979831695557e-01,-1.271342635154724121e-01,-2.326836287975311279e-01,-1.987851709127426147e-01,8.651189506053924561e-02,8.788451552391052246e-02,8.839933574199676514e-02,-5.244364961981773376e-02,8.493693172931671143e-02,5.180460810661315918e-01,-1.153852581977844238e+00,4.064722657203674316e-01,-1.070971250534057617e+00,7.030524015426635742e-01,5.472532510757446289e-01,-1.408956646919250488e-01,7.313848286867141724e-02,0.000000000000000000e+00,0.000000000000000000e+00,0.000000000000000000e+00,0.000000000000000000e+00,0.000000000000000000e+00,0.000000000000000000e+00,0.000000000000000000e+00,-9.287055730819702148e-01,-5.270901322364807129e-01,9.481657147407531738e-01,8.718020319938659668e-01,-3.706549704074859619e-01,-6.075565516948699951e-02,-1.832890212535858154e-01,0.000000000000000000e+00,0.000000000000000000e+00,0.000000000000000000e+00,0.000000000000000000e+00,0.000000000000000000e+00,0.000000000000000000e+00,0.000000000000000000e+00
-1.944676339626312256e-01,-1.399955749511718750e-01,8.240269422531127930e-01,2.912769094109535217e-02,4.566261544823646545e-02,-2.640566043555736542e-02,9.981829524040222168e-01,-2.297140359878540039e-01,2.287027835845947266e-01,1.844073385000228882e-01,1.597848534584045410e-01,2.280595898628234863e-01,-1.536167860031127930e-01,-1.950322985649108887e-01,-2.411074489355087280e-01,-1.799814552068710327e-01,1.035188585519790649e-01,1.199050992727279663e-01,8.180732280015945435e-02,-7.572573423385620117e-02,9.882864356040954590e-02,5.132321119308471680e-01,-1.179724693298339844e+00,3.854725956916809082e-01,-1.090360522270202637e+00,7.073580026626586914e-01,5.474712848663330078e-01,-1.359278708696365356e-01,7.335942238569259644e-02,0.000000000000000000e+00,0.000000000000000000e+00,0.000000000000000000e+00,0.000000000000000000e+00,0.000000000000000000e+00,0.000000000000000000e+00,0.000000000000000000e+00,-9.092222452163696289e-01,-5.198105573654174805e-01,9.255958199501037598e-01,8.822351694107055664e-01,-3.513666093349456787e-01,-5.102608352899551392e-02,-2.082669883966445923e-01,0.000000000000000000e+00,0.000000000000000000e+00,0.000000000000000000e+00,0.000000000000000000e+00,0.000000000000000000e+00,0.000000000000000000e+00,0.000000000000000000e+00
-2.000235766172409058e-01,-1.367772370576858521e-01,8.230114579200744629e-01,3.035954758524894714e-02,5.315975472331047058e-02,-2.022095769643783569e-02,9.979195594787597656e-01,-2.547515034675598145e-01,2.327043116092681885e-01,1.741289794445037842e-01,1.692587435245513916e-01,2.275314182043075562e-01,-1.564831435680389404e-01,-2.231146246194839478e-01,-2.491818517446517944e-01,-1.690044701099395752e-01,1.115987747907638550e-01,1.287366747856140137e-01,8.088863641023635864e-02,-9.105829149484634399e-02,1.075305938720703125e-01,5.154825448989868164e-01,-1.209611773490905762e+00,3.626577556133270264e-01,-1.108418822288513184e+00,7.155030369758605957e-01,5.542628765106201172e-01,-1.345161050558090210e-01,8.237908780574798584e-02,0.000000000000000000e+00,0.000000000000000000e+00,0.000000000000000000e+00,0.000000000000000000e+00,0.000000000000000000e+00,0.000000000000000000e+00,0.000000000000000000e+00,-8.920383453369140625e-01,-5.152616500854492188e-01,9.067178964614868164e-01,8.978412747383117676e-01,-3.349599838256835938e-01,-4.409128800034523010e-02,-2.367927283048629761e-01,0.000000000000000000e+00,0.000000000000000000e+00,0.000000000000000000e+00,0.000000000000000000e+00,0.000000000000000000e+00,0.000000000000000000e+00,0.000000000000000000e+00
-2.048339545726776123e-01,-1.333201378583908081e-01,8.215011358261108398e-01,3.082113899290561676e-02,5.871660634875297546e-02,-1.415635645389556885e-02,9.976983666419982910e-01,-2.707732021808624268e-01,2.354607731103897095e-01,1.650349944829940796e-01,1.773010194301605225e-01,2.204952836036682129e-01,-1.554834842681884766e-01,-2.439517229795455933e-01,-2.552915215492248535e-01,-1.544978469610214233e-01,1.168782785534858704e-01,1.335058063268661499e-01,8.330122381448745728e-02,-1.031756326556205750e-01,1.142087578773498535e-01,5.187262296676635742e-01,-1.237010359764099121e+00,3.394948244094848633e-01,-1.129089474678039551e+00,7.234241366386413574e-01,5.608379244804382324e-01,-1.351279020309448242e-01,9.204538911581039429e-02,0.000000000000000000e+00,0.000000000000000000e+00,0.000000000000000000e+00,0.000000000000000000e+00,0.000000000000000000e+00,0.000000000000000000e+00,0.000000000000000000e+00,-8.713796734809875488e-01,-5.069918036460876465e-01,8.881486058235168457e-01,9.246556758880615234e-01,-3.180650770664215088e-01,-3.571640700101852417e-02,-2.652386426925659180e-01,0.000000000000000000e+00,0.000000000000000000e+00,0.000000000000000000e+00,0.000000000000000000e+00,0.000000000000000000e+00,0.000000000000000000e+00,0.000000000000000000e+00
-2.088395506143569946e-01,-1.296070814132690430e-01,8.198093771934509277e-01,3.072634711861610413e-02,6.311142444610595703e-02,-9.536309167742729187e-03,9.974877834320068359e-01,-2.882784307003021240e-01,2.409368455410003662e-01,1.608946621417999268e-01,1.857220083475112915e-01,2.166985422372817993e-01,-1.522173285484313965e-01,-2.616955041885375977e-01,-2.599687576293945312e-01,-1.385553032159805298e-01,1.219301596283912659e-01,1.375977396965026855e-01,8.631753176450729370e-02,-1.195323541760444641e-01,1.175341457128524780e-01,5.199998617172241211e-01,-1.260647892951965332e+00,3.173404037952423096e-01,-1.149240732192993164e+00,7.398909330368041992e-01,5.675952434539794922e-01,-1.340589225292205811e-01,9.502036124467849731e-02,0.000000000000000000e+00,0.000000000000000000e+00,0.000000000000000000e+00,0.000000000000000000e+00,0.000000000000000000e+00,0.000000000000000000e+00,0.000000000000000000e+00,-8.466503024101257324e-01,-4.957630336284637451e-01,8.645269274711608887e-01,9.553347826004028320e-01,-2.958251237869262695e-01,-2.969910018146038055e-02,-2.905356287956237793e-01,0.000000000000000000e+00,0.000000000000000000e+00,0.000000000000000000e+00,0.000000000000000000e+00,0.000000000000000000e+00,0.000000000000000000e+00,0.000000000000000000e+00
-2.124393433332443237e-01,-1.256862580776214600e-01,8.184808492660522461e-01,3.112347982823848724e-02,6.772200763225555420e-02,-5.132040008902549744e-03,9.972054362297058105e-01,-3.051467537879943848e-01,2.454134821891784668e-01,1.591881811618804932e-01,1.925462037324905396e-01,2.126532793045043945e-01,-1.507597118616104126e-01,-2.774095833301544189e-01,-2.669064402580261230e-01,-1.294760107994079590e-01,1.244336962699890137e-01,1.413743644952774048e-01,9.329489618539810181e-02,-1.319613754749298096e-01,1.181857883930206299e-01,5.199999809265136719e-01,-1.285034537315368652e+00,3.027701973915100098e-01,-1.171559333801269531e+00,7.495912909507751465e-01,5.757950544357299805e-01,-1.350109875202178955e-01,9.726304560899734497e-02,0.000000000000000000e+00,0.000000000000000000e+00,0.000000000000000000e+00,0.000000000000000000e+00,0.000000000000000000e+00,0.000000000000000000e+00,0.000000000000000000e+00,-8.134703040122985840e-01,-4.989230930805206299e-01,8.426184058189392090e-01,9.738907814025878906e-01,-2.792457044124603271e-01,-2.771910093724727631e-02,-3.117343485355377197e-01,0.000000000000000000e+00,0.000000000000000000e+00,0.000000000000000000e+00,0.000000000000000000e+00,0.000000000000000000e+00,0.000000000000000000e+00,0.000000000000000000e+00
-2.153749614953994751e-01,-1.215317472815513611e-01,8.169769048690795898e-01,3.150475397706031799e-02,7.156780362129211426e-02,-8.755179587751626968e-04,9.969376921653747559e-01,-3.262392580509185791e-01,2.495234906673431396e-01,1.598239094018936157e-01,1.958790123462677002e-01,2.111680358648300171e-01,-1.518518328666687012e-01,-2.907051146030426025e-01,-2.754113376140594482e-01,-1.263640373945236206e-01,1.268740594387054443e-01,1.460335105657577515e-01,1.005837991833686829e-01,-1.414066404104232788e-01,1.194798499345779419e-01,5.199999809265136719e-01,-1.307064414024353027e+00,2.935320138931274414e-01,-1.195090651512145996e+00,7.570991516113281250e-01,5.832179188728332520e-01,-1.353804320096969604e-01,9.562188386917114258e-02,0.000000000000000000e+00,0.000000000000000000e+00,0.000000000000000000e+00,0.000000000000000000e+00,0.000000000000000000e+00,0.000000000000000000e+00,0.000000000000000000e+00,-7.711043953895568848e-01,-5.149124860763549805e-01,8.255035877227783203e-01,9.801054000854492188e-01,-2.697300016880035400e-01,-2.646923810243606567e-02,-3.232165277004241943e-01,0.000000000000000000e+00,0.000000000000000000e+00,0.000000000000000000e+00,0.000000000000000000e+00,0.000000000000000000e+00,0.000000000000000000e+00,0.000000000000000000e+00
-2.177175283432006836e-01,-1.170036643743515015e-01,8.158896565437316895e-01,3.145581483840942383e-02,7.546459138393402100e-02,3.047871170565485954e-03,9.966475367546081543e-01,-3.442702591419219971e-01,2.531514167785644531e-01,1.529377847909927368e-01,1.913357228040695190e-01,2.105749547481536865e-01,-1.597221195697784424e-01,-3.017650246620178223e-01,-2.826840281486511230e-01,-1.235663816332817078e-01,1.260461211204528809e-01,1.561533808708190918e-01,1.120969727635383606e-01,-1.539992243051528931e-01,1.220248416066169739e-01,5.199999809265136719e-01,-1.323317170143127441e+00,2.906495034694671631e-01,-1.217881679534912109e+00,7.613598704338073730e-01,5.882912874221801758e-01,-1.379122585058212280e-01,8.730903267860412598e-02,0.000000000000000000e+00,0.000000000000000000e+00,0.000000000000000000e+00,0.000000000000000000e+00,0.000000000000000000e+00,0.000000000000000000e+00,0.000000000000000000e+00,-7.149508595466613770e-01,-5.414282679557800293e-01,7.902630567550659180e-01,9.802607297897338867e-01,-2.457832098007202148e-01,-2.694857493042945862e-02,-3.332796692848205566e-01,0.000000000000000000e+00,0.000000000000000000e+00,0.000000000000000000e+00,0.000000000000000000e+00,0.000000000000000000e+00,0.000000000000000000e+00,0.000000000000000000e+00
-2.194495052099227905e-01,-1.123247891664505005e-01,8.148147463798522949e-01,3.041334822773933411e-02,7.915244996547698975e-02,7.161905989050865173e-03,9.963727593421936035e-01,-3.600569665431976318e-01,2.547540366649627686e-01,1.412714719772338867e-01,1.837922632694244385e-01,2.112555205821990967e-01,-1.708979159593582153e-01,-3.120305538177490234e-01,-2.868851721286773682e-01,-1.161412820219993591e-01,1.262259632349014282e-01,1.678361892700195312e-01,1.204340830445289612e-01,-1.677970737218856812e-01,1.238733157515525818e-01,5.199999809265136719e-01,-1.333597064018249512e+00,2.963085174560546875e-01,-1.241662502288818359e+00,7.620511054992675781e-01,5.863250494003295898e-01,-1.409215182065963745e-01,7.184462249279022217e-02,0.000000000000000000e+00,0.000000000000000000e+00,0.000000000000000000e+00,0.000000000000000000e+00,0.000000000000000000e+00,0.000000000000000000e+00,0.000000000000000000e+00,-6.456937193870544434e-01,-5.794948935508728027e-01,7.492340803146362305e-01,9.737691283226013184e-01,-2.178342640399932861e-01,-2.749730274081230164e-02,-3.410872519016265869e-01,0.000000000000000000e+00,0.000000000000000000e+00,0.000000000000000000e+00,0.000000000000000000e+00,0.000000000000000000e+00,0.000000000000000000e+00,0.000000000000000000e+00
-2.204513847827911377e-01,-1.074867993593215942e-01,8.144168853759765625e-01,3.025336191058158875e-02,8.351062238216400146e-02,1.121146604418754578e-02,9.959844350814819336e-01,-3.770266771316528320e-01,2.522126138210296631e-01,1.246211454272270203e-01,1.784586757421493530e-01,2.166516035795211792e-01,-1.848358511924743652e-01,-3.218319714069366455e-01,-2.931648492813110352e-01,-1.133735403418540955e-01,1.254393160343170166e-01,1.816701740026473999e-01,1.332607418298721313e-01,-1.805021464824676514e-01,1.267703324556350708e-01,5.199999809265136719e-01,-1.341526269912719727e+00,3.151732385158538818e-01,-1.264484524726867676e+00,7.537617683410644531e-01,5.812374353408813477e-01,-1.482501029968261719e-01,5.228922143578529358e-02,0.000000000000000000e+00,0.000000000000000000e+00,0.000000000000000000e+00,0.000000000000000000e+00,0.000000000000000000e+00,0.000000000000000000e+00,0.000000000000000000e+00,-5.616728067398071289e-01,-6.307671666145324707e-01,6.946061253547668457e-01,9.627034664154052734e-01,-1.883594542741775513e-01,-2.761610038578510284e-02,-3.491583764553070068e-01,0.000000000000000000e+00,0.000000000000000000e+00,0.000000000000000000e+00,0.000000000000000000e+00,0.000000000000000000e+00,0.000000000000000000e+00,0.000000000000000000e+00
-2.138425707817077637e-01,-1.025837659835815430e-01,8.129808902740478516e-01,2.873656526207923889e-02,7.913355529308319092e-02,1.433624699711799622e-02,9.963465929031372070e-01,-3.465622365474700928e-01,2.457002401351928711e-01,1.126549765467643738e-01,1.444026678800582886e-01,2.089813202619552612e-01,-1.963103562593460083e-01,-2.877609431743621826e-01,-2.925181090831756592e-01,-1.192086338996887207e-01,1.050684228539466858e-01,1.801876425743103027e-01,1.509786844253540039e-01,-1.885242611169815063e-01,1.227408573031425476e-01,5.199999809265136719e-01,-1.345089077949523926e+00,3.479291200637817383e-01,-1.293873190879821777e+00,7.339211106300354004e-01,5.625476837158203125e-01,-1.615357846021652222e-01,3.069888800382614136e-02,0.000000000000000000e+00,0.000000000000000000e+00,0.000000000000000000e+00,0.000000000000000000e+00,0.000000000000000000e+00,0.000000000000000000e+00,0.000000000000000000e+00,-4.552012979984283447e-01,-6.777943372726440430e-01,6.180971860885620117e-01,9.410386085510253906e-01,-1.486114710569381714e-01,-3.214232996106147766e-02,-3.625648915767669678e-01,0.000000000000000000e+00,0.000000000000000000e+00,0.000000000000000000e+00,0.000000000000000000e+00,0.000000000000000000e+00,0.000000000000000000e+00,0.000000000000000000e+00
-2.203325182199478149e-01,-9.730126708745956421e-02,8.118054270744323730e-01,2.821843139827251434e-02,8.872143924236297607e-02,1.748860441148281097e-02,9.955030679702758789e-01,-3.965019583702087402e-01,2.437774240970611572e-01,9.432230144739151001e-02,1.637087315320968628e-01,2.215459346771240234e-01,-1.992094963788986206e-01,-3.313269019126892090e-01,-3.006476759910583496e-01,-1.025766655802726746e-01,1.230461597442626953e-01,2.009520828723907471e-01,1.638453155755996704e-01,-2.091996669769287109e-01,1.271130889654159546e-01,5.199999809265136719e-01,-1.340489029884338379e+00,3.730370104312896729e-01,-1.305582761764526367e+00,7.179917097091674805e-01,5.474773049354553223e-01,-1.675653606653213501e-01,1.407766249030828476e-02,0.000000000000000000e+00,0.000000000000000000e+00,0.000000000000000000e+00,0.000000000000000000e+00,0.000000000000000000e+00,0.000000000000000000e+00,0.000000000000000000e+00,-3.761400282382965088e-01,-7.273188233375549316e-01,5.606787800788879395e-01,9.255222082138061523e-01,-1.232906132936477661e-01,-3.254599124193191528e-02,-3.661528527736663818e-01,0.000000000000000000e+00,0.000000000000000000e+00,0.000000000000000000e+00,0.000000000000000000e+00,0.000000000000000000e+00,0.000000000000000000e+00,0.000000000000000000e+00
-2.127199620008468628e-01,-9.185780584812164307e-02,8.098782300949096680e-01,2.693467959761619568e-02,8.676273375749588013e-02,2.005252987146377563e-02,9.956629276275634766e-01,-3.717026114463806152e-01,2.411543428897857666e-01,9.799235314130783081e-02,1.352673321962356567e-01,2.039221078157424927e-01,-2.052667587995529175e-01,-3.043147325515747070e-01,-3.028858006000518799e-01,-1.084289923310279846e-01,1.094095185399055481e-01,1.873604506254196167e-01,1.790973842144012451e-01,-2.113310843706130981e-01,1.282290220260620117e-01,5.199999809265136719e-01,-1.345388293266296387e+00,4.206852018833160400e-01,-1.324311733245849609e+00,6.948774456977844238e-01,5.315569043159484863e-01,-1.760029494762420654e-01,-3.178357146680355072e-03,0.000000000000000000e+00,0.000000000000000000e+00,0.000000000000000000e+00,0.000000000000000000e+00,0.000000000000000000e+00,0.000000000000000000e+00,0.000000000000000000e+00,-2.728238701820373535e-01,-7.703709006309509277e-01,4.840401709079742432e-01,9.097334742546081543e-01,-8.699356019496917725e-02,-3.876138105988502502e-02,-3.735733032226562500e-01,0.000000000000000000e+00,0.000000000000000000e+00,0.000000000000000000e+00,0.000000000000000000e+00,0.000000000000000000e+00,0.000000000000000000e+00,0.000000000000000000e+00
-2.110678702592849731e-01,-8.605258911848068237e-02,8.085991144180297852e-01,2.509221434593200684e-02,8.996255695819854736e-02,2.456066384911537170e-02,9.953260421752929688e-01,-3.805010616779327393e-01,2.363428622484207153e-01,7.744063436985015869e-02,1.249698325991630554e-01,1.980302929878234863e-01,-2.169386744499206543e-01,-3.096911907196044922e-01,-3.083705306053161621e-01,-1.074674129486083984e-01,1.151943281292915344e-01,1.923815011978149414e-01,1.804852932691574097e-01,-1.962901502847671509e-01,1.406927853822708130e-01,5.199999809265136719e-01,-1.340106487274169922e+00,4.428021907806396484e-01,-1.331847190856933594e+00,6.664657592773437500e-01,4.982277750968933105e-01,-1.739795655012130737e-01,-1.489473227411508560e-02,0.000000000000000000e+00,0.000000000000000000e+00,0.000000000000000000e+00,0.000000000000000000e+00,0.000000000000000000e+00,0.000000000000000000e+00,0.000000000000000000e+00,-2.048939764499664307e-01,-8.026880621910095215e-01,4.287910461425781250e-01,9.292032718658447266e-01,-5.632882192730903625e-02,-3.131812810897827148e-02,-3.636082112789154053e-01,0.000000000000000000e+00,0.000000000000000000e+00,0.000000000000000000e+00,0.000000000000000000e+00,0.000000000000000000e+00,0.000000000000000000e+00,0.000000000000000000e+00
-2.090474516153335571e-01,-8.067576587200164795e-02,8.069022297859191895e-01,2.362774126231670380e-02,9.331621974706649780e-02,3.007788583636283875e-02,9.949015974998474121e-01,-3.916992843151092529e-01,2.296031564474105835e-01,7.452695816755294800e-02,1.249752864241600037e-01,1.826854944229125977e-01,-2.056685090065002441e-01,-3.134784996509552002e-01,-3.143556714057922363e-01,-9.175826609134674072e-02,1.192299351096153259e-01,1.909165531396865845e-01,1.927627176046371460e-01,-1.888497769832611084e-01,1.543746888637542725e-01,5.199999809265136719e-01,-1.328291416168212891e+00,4.716212153434753418e-01,-1.334250330924987793e+00,6.398488283157348633e-01,4.894891381263732910e-01,-1.749804764986038208e-01,-1.486244238913059235e-02,0.000000000000000000e+00,0.000000000000000000e+00,0.000000000000000000e+00,0.000000000000000000e+00,0.000000000000000000e+00,0.000000000000000000e+00,0.000000000000000000e+00,-1.379977464675903320e-01,-8.341350555419921875e-01,3.646187484264373779e-01,9.555378556251525879e-01,-2.892106585204601288e-02,-3.252696990966796875e-02,-3.647910952568054199e-01,0.000000000000000000e+00,0.000000000000000000e+00,0.000000000000000000e+00,0.000000000000000000e+00,0.000000000000000000e+00,0.000000000000000000e+00,0.000000000000000000e+00
-2.065050750970840454e-01,-7.548670470714569092e-02,8.061194419860839844e-01,2.301005460321903229e-02,1.009719595313072205e-01,3.584673628211021423e-02,9.939769506454467773e-01,-4.059491455554962158e-01,2.179841995239257812e-01,7.177862524986267090e-02,1.228672042489051819e-01,1.586418449878692627e-01,-1.931052207946777344e-01,-3.233968913555145264e-01,-3.224934041500091553e-01,-7.320045679807662964e-02,1.206078976392745972e-01,1.895980238914489746e-01,2.021873891353607178e-01,-1.798509061336517334e-01,1.728659868240356445e-01,5.199999809265136719e-01,-1.318415284156799316e+00,4.964608550071716309e-01,-1.338886260986328125e+00,6.096295714378356934e-01,4.852412641048431396e-01,-1.790916323661804199e-01,-1.516293082386255264e-02,0.000000000000000000e+00,0.000000000000000000e+00,0.000000000000000000e+00,0.000000000000000000e+00,0.000000000000000000e+00,0.000000000000000000e+00,0.000000000000000000e+00,-8.395934104919433594e-02,-8.680126667022705078e-01,2.852064371109008789e-01,9.840819239616394043e-01,3.902096766978502274e-03,-3.576345741748809814e-02,-3.711294829845428467e-01,0.000000000000000000e+00,0.000000000000000000e+00,0.000000000000000000e+00,0.000000000000000000e+00,0.000000000000000000e+00,0.000000000000000000e+00,0.000000000000000000e+00
-2.034182399511337280e-01,-7.038197666406631470e-02,8.049557805061340332e-01,2.158650010824203491e-02,1.051995381712913513e-01,4.495322331786155701e-02,9.932000041007995605e-01,-4.159744679927825928e-01,2.036800980567932129e-01,4.376593977212905884e-02,1.187509968876838684e-01,1.433857083320617676e-01,-1.943911910057067871e-01,-3.277026116847991943e-01,-3.307778835296630859e-01,-5.369503051042556763e-02,1.284799575805664062e-01,1.934387236833572388e-01,1.979259848594665527e-01,-1.469084322452545166e-01,2.089867442846298218e-01,5.199999809265136719e-01,-1.316836833953857422e+00,5.020758509635925293e-01,-1.336339712142944336e+00,5.818334817886352539e-01,4.739524722099304199e-01,-1.766785830259323120e-01,-1.212078612297773361e-02,0.000000000000000000e+00,0.000000000000000000e+00,0.000000000000000000e+00,0.000000000000000000e+00,0.000000000000000000e+00,0.000000000000000000e+00,0.000000000000000000e+00,-6.389921903610229492e-02,-8.844435811042785645e-01,2.346033900976181030e-01,1.046888589859008789e+00,3.155367821455001831e-02,-2.323027513921260834e-02,-3.565849959850311279e-01,0.000000000000000000e+00,0.000000000000000000e+00,0.000000000000000000e+00,0.000000000000000000e+00,0.000000000000000000e+00,0.000000000000000000e+00,0.000000000000000000e+00
-2.000721096992492676e-01,-6.577371805906295776e-02,8.049926757812500000e-01,2.022904343903064728e-02,1.126222908496856689e-01,5.282113328576087952e-02,9.920266866683959961e-01,-4.305278062820434570e-01,1.903209835290908813e-01,2.103156410157680511e-02,1.147644221782684326e-01,1.339215487241744995e-01,-1.927894502878189087e-01,-3.368319272994995117e-01,-3.380414247512817383e-01,-4.128685966134071350e-02,1.317962855100631714e-01,1.991609334945678711e-01,1.930633336305618286e-01,-1.171483099460601807e-01,2.437333613634109497e-01,5.199999809265136719e-01,-1.310565352439880371e+00,5.108960270881652832e-01,-1.333107113838195801e+00,5.578529238700866699e-01,4.643436670303344727e-01,-1.751818805932998657e-01,-1.308002881705760956e-02,0.000000000000000000e+00,0.000000000000000000e+00,0.000000000000000000e+00,0.000000000000000000e+00,0.000000000000000000e+00,0.000000000000000000e+00,0.000000000000000000e+00,-4.924712330102920532e-02,-8.946118354797363281e-01,1.825339198112487793e-01,1.114219307899475098e+00,6.796263158321380615e-02,-1.576732657849788666e-02,-3.376559317111968994e-01,0.000000000000000000e+00,0.000000000000000000e+00,0.000000000000000000e+00,0.000000000000000000e+00,0.000000000000000000e+00,0.000000000000000000e+00,0.000000000000000000e+00
-1.965759098529815674e-01,-6.170483678579330444e-02,8.048488497734069824e-01,1.924143545329570770e-02,1.216409057378768921e-01,6.211066991090774536e-02,9.904420971870422363e-01,-4.490890800952911377e-01,1.756692081689834595e-01,-9.674954344518482685e-04,1.090593859553337097e-01,1.336167901754379272e-01,-1.917650997638702393e-01,-3.488661050796508789e-01,-3.478876352310180664e-01,-3.836356848478317261e-02,1.363221257925033569e-01,2.039277255535125732e-01,1.873234808444976807e-01,-7.401192933320999146e-02,2.920393049716949463e-01,5.199999809265136719e-01,-1.316234707832336426e+00,5.057120323181152344e-01,-1.330617666244506836e+00,5.315649509429931641e-01,4.494228363037109375e-01,-1.749450117349624634e-01,-9.966170415282249451e-03,0.000000000000000000e+00,0.000000000000000000e+00,0.000000000000000000e+00,0.000000000000000000e+00,0.000000000000000000e+00,0.000000000000000000e+00,0.000000000000000000e+00,-6.952594220638275146e-02,-9.024185538291931152e-01,1.327986568212509155e-01,1.179105997085571289e+00,1.170829534530639648e-01,-9.639995172619819641e-03,-3.251760303974151611e-01,0.000000000000000000e+00,0.000000000000000000e+00,0.000000000000000000e+00,0.000000000000000000e+00,0.000000000000000000e+00,0.000000000000000000e+00,0.000000000000000000e+00
-1.996825933456420898e-01,-5.811025947332382202e-02,8.065105676651000977e-01,2.104863524436950684e-02,1.304436326026916504e-01,7.595423609018325806e-02,9.883179664611816406e-01,-4.900572896003723145e-01,1.500855386257171631e-01,-1.808080263435840607e-02,1.245707720518112183e-01,1.519319564104080200e-01,-1.801451593637466431e-01,-3.880845606327056885e-01,-3.689835071563720703e-01,-2.312237396836280823e-02,1.725944280624389648e-01,2.191636115312576294e-01,1.862715184688568115e-01,-5.401704087853431702e-02,3.324011862277984619e-01,5.199999809265136719e-01,-1.305756092071533203e+00,4.832432866096496582e-01,-1.315891146659851074e+00,5.175333023071289062e-01,4.501959085464477539e-01,-1.716332286596298218e-01,-6.533529143780469894e-03,0.000000000000000000e+00,0.000000000000000000e+00,0.000000000000000000e+00,0.000000000000000000e+00,0.000000000000000000e+00,0.000000000000000000e+00,0.000000000000000000e+00,-9.183917194604873657e-02,-9.122290015220642090e-01,9.416715800762176514e-02,1.235129475593566895e+00,1.542318314313888550e-01,-5.480680149048566818e-03,-3.110329210758209229e-01,0.000000000000000000e+00,0.000000000000000000e+00,0.000000000000000000e+00,0.000000000000000000e+00,0.000000000000000000e+00,0.000000000000000000e+00,0.000000000000000000e+00
-1.967266947031021118e-01,-5.473123863339424133e-02,8.069987893104553223e-01,2.152496203780174255e-02,1.346835792064666748e-01,8.791514486074447632e-02,9.867461323738098145e-01,-4.945448637008666992e-01,1.300957202911376953e-01,-4.113675653934478760e-02,1.087780892848968506e-01,1.596244573593139648e-01,-1.796342432498931885e-01,-3.977129459381103516e-01,-3.822539448738098145e-01,-2.760817296802997589e-02,1.923600435256958008e-01,2.172226011753082275e-01,1.679024398326873779e-01,-4.500247538089752197e-03,3.876905739307403564e-01,5.199999809265136719e-01,-1.291510462760925293e+00,4.556978940963745117e-01,-1.283063173294067383e+00,4.975207149982452393e-01,4.263855516910552979e-01,-1.699601262807846069e-01,1.548060774803161621e-02,0.000000000000000000e+00,0.000000000000000000e+00,0.000000000000000000e+00,0.000000000000000000e+00,0.000000000000000000e+00,0.000000000000000000e+00,0.000000000000000000e+00,-1.522964835166931152e-01,-9.169133901596069336e-01,6.298605352640151978e-02,1.284512400627136230e+00,2.092157751321792603e-01,-7.930831983685493469e-03,-2.913540899753570557e-01,0.000000000000000000e+00,0.000000000000000000e+00,0.000000000000000000e+00,0.000000000000000000e+00,0.000000000000000000e+00,0.000000000000000000e+00,0.000000000000000000e+00
-1.940740048885345459e-01,-5.245899409055709839e-02,8.072595596313476562e-01,2.090692147612571716e-02,1.381795704364776611e-01,9.944690763950347900e-02,9.851800203323364258e-01,-4.980307817459106445e-01,1.155732050538063049e-01,-5.895494669675827026e-02,9.472364932298660278e-02,1.659331321716308594e-01,-1.771573275327682495e-01,-4.028232097625732422e-01,-3.896946907043457031e-01,-3.808789327740669250e-02,2.050426155328750610e-01,2.097652852535247803e-01,1.471048593521118164e-01,4.571552202105522156e-02,4.456709027290344238e-01,5.199999809265136719e-01,-1.278131484985351562e+00,4.262594282627105713e-01,-1.253866910934448242e+00,4.734046757221221924e-01,4.027054309844970703e-01,-1.766259372234344482e-01,3.406207263469696045e-02,0.000000000000000000e+00,0.000000000000000000e+00,0.000000000000000000e+00,0.000000000000000000e+00,0.000000000000000000e+00,0.000000000000000000e+00,0.000000000000000000e+00,-2.296611815690994263e-01,-9.273521900177001953e-01,4.440398141741752625e-02,1.318565607070922852e+00,2.648383080959320068e-01,-1.870972663164138794e-02,-2.694869935512542725e-01,0.000000000000000000e+00,0.000000000000000000e+00,0.000000000000000000e+00,0.000000000000000000e+00,0.000000000000000000e+00,0.000000000000000000e+00,0.000000000000000000e+00
-1.919930577278137207e-01,-5.111037567257881165e-02,8.071078062057495117e-01,1.902340725064277649e-02,1.418851763010025024e-01,1.106984540820121765e-01,9.834899902343750000e-01,-5.028930306434631348e-01,1.061113998293876648e-01,-7.226338237524032593e-02,8.054484426975250244e-02,1.706195622682571411e-01,-1.755207329988479614e-01,-4.085930585861206055e-01,-3.921364545822143555e-01,-4.549379646778106689e-02,2.174628078937530518e-01,1.983175128698348999e-01,1.328283101320266724e-01,9.515195339918136597e-02,5.013045072555541992e-01,5.199999809265136719e-01,-1.268684625625610352e+00,4.013454318046569824e-01,-1.233353018760681152e+00,4.513562917709350586e-01,3.763046860694885254e-01,-1.892634034156799316e-01,4.404674842953681946e-02,0.000000000000000000e+00,0.000000000000000000e+00,0.000000000000000000e+00,0.000000000000000000e+00,0.000000000000000000e+00,0.000000000000000000e+00,0.000000000000000000e+00,-3.196245431900024414e-01,-9.447701573371887207e-01,3.679791465401649475e-02,1.338096261024475098e+00,3.146246373653411865e-01,-3.589945659041404724e-02,-2.537750601768493652e-01,0.000000000000000000e+00,0.000000000000000000e+00,0.000000000000000000e+00,0.000000000000000000e+00,0.000000000000000000e+00,0.000000000000000000e+00,0.000000000000000000e+00
-1.905674785375595093e-01,-5.058824270963668823e-02,8.061656355857849121e-01,2.132683992385864258e-02,1.456942856311798096e-01,1.216271221637725830e-01,9.815931916236877441e-01,-5.061917304992675781e-01,9.062935411930084229e-02,-7.312687486410140991e-02,6.537560373544692993e-02,1.708894520998001099e-01,-1.726197451353073120e-01,-4.180211722850799561e-01,-4.049643278121948242e-01,-4.993480443954467773e-02,2.341830581426620483e-01,1.821878254413604736e-01,1.216171607375144958e-01,1.413223296403884888e-01,5.199976563453674316e-01,5.199999809265136719e-01,-1.265274524688720703e+00,3.916442096233367920e-01,-1.237781643867492676e+00,4.347632229328155518e-01,3.561354577541351318e-01,-2.061678618192672729e-01,4.089596122503280640e-02,0.000000000000000000e+00,0.000000000000000000e+00,0.000000000000000000e+00,0.000000000000000000e+00,0.000000000000000000e+00,0.000000000000000000e+00,0.000000000000000000e+00,-4.158542752265930176e-01,-9.437615871429443359e-01,5.397070571780204773e-02,1.343546390533447266e+00,3.480482995510101318e-01,-5.299488455057144165e-02,-2.293544113636016846e-01,0.000000000000000000e+00,0.000000000000000000e+00,0.000000000000000000e+00,0.000000000000000000e+00,0.000000000000000000e+00,0.000000000000000000e+00,0.000000000000000000e+00
-1.895241290330886841e-01,-5.102382600307464600e-02,8.059335947036743164e-01,2.259577624499797821e-02,1.501399874687194824e-01,1.318304538726806641e-01,9.795755147933959961e-01,-5.138338804244995117e-01,7.908460497856140137e-02,-6.952412426471710205e-02,5.454087257385253906e-02,1.792845875024795532e-01,-1.659342497587203979e-01,-4.325594007968902588e-01,-4.132005274295806885e-01,-4.820442199707031250e-02,2.542438209056854248e-01,1.710944175720214844e-01,1.147728934884071350e-01,1.809478253126144409e-01,5.199999809265136719e-01,5.199999809265136719e-01,-1.260263681411743164e+00,3.921328186988830566e-01,-1.243606209754943848e+00,4.195543527603149414e-01,3.376680910587310791e-01,-2.185401171445846558e-01,4.276527091860771179e-02,0.000000000000000000e+00,0.000000000000000000e+00,0.000000000000000000e+00,0.000000000000000000e+00,0.000000000000000000e+00,0.000000000000000000e+00,0.000000000000000000e+00,-5.138478875160217285e-01,-9.290010333061218262e-01,9.347552061080932617e-02,1.333691000938415527e+00,3.529459536075592041e-01,-6.665575504302978516e-02,-2.084026336669921875e-01,0.000000000000000000e+00,0.000000000000000000e+00,0.000000000000000000e+00,0.000000000000000000e+00,0.000000000000000000e+00,0.000000000000000000e+00,0.000000000000000000e+00
-1.893677711486816406e-01,-5.176758766174316406e-02,8.048529028892517090e-01,2.392776682972908020e-02,1.554231345653533936e-01,1.397387832403182983e-01,9.776216745376586914e-01,-5.240652561187744141e-01,6.865432858467102051e-02,-7.251260429620742798e-02,4.455072060227394104e-02,1.865246295928955078e-01,-1.663192808628082275e-01,-4.530929923057556152e-01,-4.186286032199859619e-01,-4.537349194288253784e-02,2.762016654014587402e-01,1.540868133306503296e-01,1.025169491767883301e-01,2.133620828390121460e-01,5.199999809265136719e-01,5.199999809265136719e-01,-1.253532290458679199e+00,3.943512439727783203e-01,-1.248255372047424316e+00,4.086632132530212402e-01,3.249572217464447021e-01,-2.205438613891601562e-01,5.535257607698440552e-02,0.000000000000000000e+00,0.000000000000000000e+00,0.000000000000000000e+00,0.000000000000000000e+00,0.000000000000000000e+00,0.000000000000000000e+00,0.000000000000000000e+00,-6.092454791069030762e-01,-9.233494400978088379e-01,1.385327726602554321e-01,1.313280701637268066e+00,3.468697369098663330e-01,-8.025258034467697144e-02,-2.107995450496673584e-01,0.000000000000000000e+00,0.000000000000000000e+00,0.000000000000000000e+00,0.000000000000000000e+00,0.000000000000000000e+00,0.000000000000000000e+00,0.000000000000000000e+00
-1.898042112588882446e-01,-5.307833105325698853e-02,8.037515282630920410e-01,2.164303325116634369e-02,1.633515655994415283e-01,1.479484885931015015e-01,9.751713275909423828e-01,-5.429191589355468750e-01,6.563580781221389771e-02,-7.620805501937866211e-02,3.584310784935951233e-02,1.949831843376159668e-01,-1.671861559152603149e-01,-4.792170822620391846e-01,-4.165607392787933350e-01,-4.442989081144332886e-02,2.969174087047576904e-01,1.403166651725769043e-01,9.602763503789901733e-02,2.354624569416046143e-01,5.199999809265136719e-01,5.199999809265136719e-01,-1.248035073280334473e+00,4.036053121089935303e-01,-1.252013802528381348e+00,3.875820040702819824e-01,3.151602745056152344e-01,-2.272332012653350830e-01,8.098966628313064575e-02,0.000000000000000000e+00,0.000000000000000000e+00,0.000000000000000000e+00,0.000000000000000000e+00,0.000000000000000000e+00,0.000000000000000000e+00,0.000000000000000000e+00,-6.854913830757141113e-01,-9.359298944473266602e-01,1.843179017305374146e-01,1.273670196533203125e+00,3.238650262355804443e-01,-1.008931696414947510e-01,-2.442418783903121948e-01,0.000000000000000000e+00,0.000000000000000000e+00,0.000000000000000000e+00,0.000000000000000000e+00,0.000000000000000000e+00,0.000000000000000000e+00,0.000000000000000000e+00
-1.923952698707580566e-01,-5.420597270131111145e-02,8.018746376037597656e-01,2.013085596263408661e-02,1.785032302141189575e-01,1.560970991849899292e-01,9.712697863578796387e-01,-5.794368982315063477e-01,5.706571787595748901e-02,-8.133794367313385010e-02,2.093939296901226044e-02,2.189192175865173340e-01,-1.684016436338424683e-01,-5.351705551147460938e-01,-4.228967130184173584e-01,-4.444802552461624146e-02,3.315213620662689209e-01,1.294022500514984131e-01,9.410831332206726074e-02,2.358260303735733032e-01,5.199999809265136719e-01,5.199999809265136719e-01,-1.242721438407897949e+00,4.274398386478424072e-01,-1.236663579940795898e+00,3.750419616699218750e-01,3.348245322704315186e-01,-2.302525639533996582e-01,1.326094567775726318e-01,0.000000000000000000e+00,0.000000000000000000e+00,0.000000000000000000e+00,0.000000000000000000e+00,0.000000000000000000e+00,0.000000000000000000e+00,0.000000000000000000e+00,-7.539154887199401855e-01,-9.602733850479125977e-01,2.295807600021362305e-01,1.193704247474670410e+00,3.022243380546569824e-01,-1.293512433767318726e-01,-3.224759697914123535e-01,0.000000000000000000e+00,0.000000000000000000e+00,0.000000000000000000e+00,0.000000000000000000e+00,0.000000000000000000e+00,0.000000000000000000e+00,0.000000000000000000e+00
-1.935667246580123901e-01,-5.575504526495933533e-02,8.001399636268615723e-01,1.578600890934467316e-02,1.870629489421844482e-01,1.625465899705886841e-01,9.686778783798217773e-01,-6.021551489830017090e-01,5.968277156352996826e-02,-8.350393176078796387e-02,1.611146517097949982e-02,2.202412337064743042e-01,-1.726043522357940674e-01,-5.664137601852416992e-01,-4.182249009609222412e-01,-5.072337016463279724e-02,3.534943759441375732e-01,1.177766546607017517e-01,9.092536568641662598e-02,2.390841990709304810e-01,5.199999809265136719e-01,5.199999809265136719e-01,-1.235467553138732910e+00,4.471499919891357422e-01,-1.230639696121215820e+00,3.713879883289337158e-01,3.630238473415374756e-01,-2.301878780126571655e-01,1.746293008327484131e-01,0.000000000000000000e+00,0.000000000000000000e+00,0.000000000000000000e+00,0.000000000000000000e+00,0.000000000000000000e+00,0.000000000000000000e+00,0.000000000000000000e+00,-7.740054130554199219e-01,-9.857413172721862793e-01,2.430650740861892700e-01,1.097730278968811035e+00,2.853511571884155273e-01,-1.611134707927703857e-01,-3.927501738071441650e-01,0.000000000000000000e+00,0.000000000000000000e+00,0.000000000000000000e+00,0.000000000000000000e+00,0.000000000000000000e+00,0.000000000000000000e+00,0.000000000000000000e+00
-1.956888884305953979e-01,-5.708951503038406372e-02,7.979602813720703125e-01,1.286094449460506439e-02,1.973804384469985962e-01,1.678538173437118530e-01,9.657642841339111328e-01,-6.298179030418395996e-01,5.864116922020912170e-02,-8.029914647340774536e-02,1.081825606524944305e-02,2.255247682332992554e-01,-1.728904545307159424e-01,-6.056968569755554199e-01,-4.184093773365020752e-01,-5.247929319739341736e-02,3.769628107547760010e-01,1.070063188672065735e-01,9.000340849161148071e-02,2.362766563892364502e-01,5.199999809265136719e-01,5.199999809265136719e-01,-1.231164216995239258e+00,4.712718427181243896e-01,-1.222333073616027832e+00,3.633278906345367432e-01,3.929816484451293945e-01,-2.269817590713500977e-01,2.187908738851547241e-01,0.000000000000000000e+00,0.000000000000000000e+00,0.000000000000000000e+00,0.000000000000000000e+00,0.000000000000000000e+00,0.000000000000000000e+00,0.000000000000000000e+00,-7.628387808799743652e-01,-1.021274089813232422e+00,2.471660226583480835e-01,9.760429859161376953e-01,2.495385408401489258e-01,-1.832611709833145142e-01,-4.638904929161071777e-01,0.000000000000000000e+00,0.000000000000000000e+00,0.000000000000000000e+00,0.000000000000000000e+00,0.000000000000000000e+00,0.000000000000000000e+00,0.000000000000000000e+00
-1.963111162185668945e-01,-5.854883790016174316e-02,7.961958646774291992e-01,7.213473785668611526e-03,2.010198235511779785e-01,1.706453561782836914e-01,9.645823836326599121e-01,-6.431351304054260254e-01,6.978607922792434692e-02,-7.394332438707351685e-02,1.404171064496040344e-02,2.126797735691070557e-01,-1.789188981056213379e-01,-6.200428605079650879e-01,-4.090072512626647949e-01,-6.596635282039642334e-02,3.870119452476501465e-01,9.720664471387863159e-02,8.787622302770614624e-02,2.432437390089035034e-01,5.199999809265136719e-01,5.199999809265136719e-01,-1.232013583183288574e+00,4.872867166996002197e-01,-1.229004859924316406e+00,3.569533526897430420e-01,4.113545715808868408e-01,-2.256381809711456299e-01,2.400817275047302246e-01,0.000000000000000000e+00,0.000000000000000000e+00,0.000000000000000000e+00,0.000000000000000000e+00,0.000000000000000000e+00,0.000000000000000000e+00,0.000000000000000000e+00,-7.502146363258361816e-01,-1.049149990081787109e+00,2.478152811527252197e-01,8.985477685928344727e-01,2.201965153217315674e-01,-2.015404254198074341e-01,-5.035338401794433594e-01,0.000000000000000000e+00,0.000000000000000000e+00,0.000000000000000000e+00,0.000000000000000000e+00,0.000000000000000000e+00,0.000000000000000000e+00,0.000000000000000000e+00
-1.996930390596389771e-01,-5.914840102195739746e-02,7.939308285713195801e-01,5.826469045132398605e-03,2.110598683357238770e-01,1.770632565021514893e-01,9.612847566604614258e-01,-6.714222431182861328e-01,6.166241317987442017e-02,-7.059752196073532104e-02,6.316234823316335678e-03,2.243076860904693604e-01,-1.793040633201599121e-01,-6.649733781814575195e-01,-4.176968634128570557e-01,-6.435182690620422363e-02,4.185039401054382324e-01,9.011857956647872925e-02,9.056036919355392456e-02,2.392295897006988525e-01,5.199999809265136719e-01,5.199999809265136719e-01,-1.236534595489501953e+00,4.978857934474945068e-01,-1.226159691810607910e+00,3.442412316799163818e-01,4.368760287761688232e-01,-2.192240208387374878e-01,2.645151913166046143e-01,0.000000000000000000e+00,0.000000000000000000e+00,0.000000000000000000e+00,0.000000000000000000e+00,0.000000000000000000e+00,0.000000000000000000e+00,0.000000000000000000e+00,-7.063890695571899414e-01,-1.074566483497619629e+00,2.163639515638351440e-01,7.898434400558471680e-01,1.770540028810501099e-01,-2.012368440628051758e-01,-5.608695149421691895e-01,0.000000000000000000e+00,0.000000000000000000e+00,0.000000000000000000e+00,0.000000000000000000e+00,0.000000000000000000e+00,0.000000000000000000e+00,0.000000000000000000e+00
-1.997621059417724609e-01,-6.024619564414024353e-02,7.929745316505432129e-01,-9.883072925731539726e-04,2.130139023065567017e-01,1.779495775699615479e-01,9.607070684432983398e-01,-6.822456717491149902e-01,7.632818073034286499e-02,-6.870758533477783203e-02,1.441745553165674210e-02,2.103387713432312012e-01,-1.815051436424255371e-01,-6.737825274467468262e-01,-4.041621685028076172e-01,-7.837338000535964966e-02,4.258115291595458984e-01,8.419737219810485840e-02,8.743973821401596069e-02,2.452251315116882324e-01,5.199999809265136719e-01,5.199999809265136719e-01,-1.239601016044616699e+00,4.992287158966064453e-01,-1.230945467948913574e+00,3.377562165260314941e-01,4.514532685279846191e-01,-2.183392345905303955e-01,2.765173912048339844e-01,0.000000000000000000e+00,0.000000000000000000e+00,0.000000000000000000e+00,0.000000000000000000e+00,0.000000000000000000e+00,0.000000000000000000e+00,0.000000000000000000e+00,-6.870998740196228027e-01,-1.088407397270202637e+00,2.102927863597869873e-01,7.296211719512939453e-01,1.543877422809600830e-01,-2.113797813653945923e-01,-5.791611671447753906e-01,0.000000000000000000e+00,0.000000000000000000e+00,0.000000000000000000e+00,0.000000000000000000e+00,0.000000000000000000e+00,0.000000000000000000e+00,0.000000000000000000e+00
-2.008853703737258911e-01,-6.081449985504150391e-02,7.916185259819030762e-01,-6.394988391548395157e-03,2.163770198822021484e-01,1.799525171518325806e-01,9.595609307289123535e-01,-6.965820789337158203e-01,8.480705320835113525e-02,-6.507856398820877075e-02,1.736739836633205414e-02,2.053911536931991577e-01,-1.827311813831329346e-01,-6.920672059059143066e-01,-3.972500860691070557e-01,-8.687629550695419312e-02,4.408687055110931396e-01,7.816597819328308105e-02,8.294931054115295410e-02,2.479613721370697021e-01,5.199999809265136719e-01,5.199999809265136719e-01,-1.247692108154296875e+00,4.966832399368286133e-01,-1.232443332672119141e+00,3.299081027507781982e-01,4.675384163856506348e-01,-2.166676074266433716e-01,2.889771461486816406e-01,0.000000000000000000e+00,0.000000000000000000e+00,0.000000000000000000e+00,0.000000000000000000e+00,0.000000000000000000e+00,0.000000000000000000e+00,0.000000000000000000e+00,-6.598917245864868164e-01,-1.099989414215087891e+00,2.013236135244369507e-01,6.784017086029052734e-01,1.337805092334747314e-01,-2.162487208843231201e-01,-5.960503816604614258e-01,0.000000000000000000e+00,0.000000000000000000e+00,0.000000000000000000e+00,0.000000000000000000e+00,0.000000000000000000e+00,0.000000000000000000e+00,0.000000000000000000e+00
-2.016266733407974243e-01,-6.124412640929222107e-02,7.906582355499267578e-01,-1.041346602141857147e-02,2.192233353853225708e-01,1.814953684806823730e-01,9.585886001586914062e-01,-7.078690528869628906e-01,9.077800065279006958e-02,-6.299232691526412964e-02,1.932478696107864380e-02,2.026582658290863037e-01,-1.857158690690994263e-01,-7.075200676918029785e-01,-3.926976323127746582e-01,-9.384167194366455078e-02,4.531147778034210205e-01,7.282405346632003784e-02,8.031597733497619629e-02,2.487991899251937866e-01,5.199999809265136719e-01,5.199999809265136719e-01,-1.257677197456359863e+00,4.852661192417144775e-01,-1.232985258102416992e+00,3.239436447620391846e-01,4.846385419368743896e-01,-2.151829451322555542e-01,3.013183474540710449e-01,0.000000000000000000e+00,0.000000000000000000e+00,0.000000000000000000e+00,0.000000000000000000e+00,0.000000000000000000e+00,0.000000000000000000e+00,0.000000000000000000e+00,-6.303845047950744629e-01,-1.107522368431091309e+00,1.921685189008712769e-01,6.319521069526672363e-01,1.120052933692932129e-01,-2.193236947059631348e-01,-6.113378405570983887e-01,0.000000000000000000e+00,0.000000000000000000e+00,0.000000000000000000e+00,0.000000000000000000e+00,0.000000000000000000e+00,0.000000000000000000e+00,0.000000000000000000e+00
-2.017446458339691162e-01,-6.149344891309738159e-02,7.899616956710815430e-01,-1.373879238963127136e-02,2.216239124536514282e-01,1.826599836349487305e-01,9.577731490135192871e-01,-7.162551879882812500e-01,9.599143266677856445e-02,-6.042535975575447083e-02,2.058916911482810974e-02,2.003156244754791260e-01,-1.891100108623504639e-01,-7.200942635536193848e-01,-3.892824351787567139e-01,-1.007836386561393738e-01,4.647650718688964844e-01,6.673001497983932495e-02,8.062379807233810425e-02,2.506778240203857422e-01,5.199999809265136719e-01,5.199999809265136719e-01,-1.272088170051574707e+00,4.685296416282653809e-01,-1.232964158058166504e+00,3.185833394527435303e-01,5.009759068489074707e-01,-2.135567814111709595e-01,3.106366097927093506e-01,0.000000000000000000e+00,0.000000000000000000e+00,0.000000000000000000e+00,0.000000000000000000e+00,0.000000000000000000e+00,0.000000000000000000e+00,0.000000000000000000e+00,-6.044921278953552246e-01,-1.112477660179138184e+00,1.838473826646804810e-01,5.891866087913513184e-01,9.316349774599075317e-02,-2.204581201076507568e-01,-6.194143891334533691e-01,0.000000000000000000e+00,0.000000000000000000e+00,0.000000000000000000e+00,0.000000000000000000e+00,0.000000000000000000e+00,0.000000000000000000e+00,0.000000000000000000e+00
-2.012237906455993652e-01,-6.159816682338714600e-02,7.894160747528076172e-01,-1.627206243574619293e-02,2.240329682826995850e-01,1.829717457294464111e-01,9.571132659912109375e-01,-7.221281528472900391e-01,1.008781194686889648e-01,-5.744374915957450867e-02,2.085546031594276428e-02,1.963140070438385010e-01,-1.937208324670791626e-01,-7.307745814323425293e-01,-3.863328695297241211e-01,-1.055518537759780884e-01,4.738962054252624512e-01,6.127984821796417236e-02,8.369367569684982300e-02,2.518378794193267822e-01,5.199999809265136719e-01,5.199999809265136719e-01,-1.283533811569213867e+00,4.472838938236236572e-01,-1.230312347412109375e+00,3.151254951953887939e-01,5.131275057792663574e-01,-2.126995921134948730e-01,3.215035498142242432e-01,0.000000000000000000e+00,0.000000000000000000e+00,0.000000000000000000e+00,0.000000000000000000e+00,0.000000000000000000e+00,0.000000000000000000e+00,0.000000000000000000e+00,-5.784754157066345215e-01,-1.115818858146667480e+00,1.760392934083938599e-01,5.517987012863159180e-01,7.416980713605880737e-02,-2.210955917835235596e-01,-6.243574023246765137e-01,0.000000000000000000e+00,0.000000000000000000e+00,0.000000000000000000e+00,0.000000000000000000e+00,0.000000000000000000e+00,0.000000000000000000e+00,0.000000000000000000e+00
-2.001382410526275635e-01,-6.151067093014717102e-02,7.892484664916992188e-01,-1.948647201061248779e-02,2.252003252506256104e-01,1.841288805007934570e-01,9.565572142601013184e-01,-7.251672148704528809e-01,1.067646220326423645e-01,-5.345170572400093079e-02,2.108824066817760468e-02,1.927686482667922974e-01,-2.004285901784896851e-01,-7.350119948387145996e-01,-3.830979764461517334e-01,-1.137839853763580322e-01,4.798600375652313232e-01,5.691034346818923950e-02,8.415558934211730957e-02,2.513323426246643066e-01,5.199999809265136719e-01,5.199999809265136719e-01,-1.295814752578735352e+00,4.241436123847961426e-01,-1.229363918304443359e+00,3.139449954032897949e-01,5.253627300262451172e-01,-2.121197730302810669e-01,3.291606903076171875e-01,0.000000000000000000e+00,0.000000000000000000e+00,0.000000000000000000e+00,0.000000000000000000e+00,0.000000000000000000e+00,0.000000000000000000e+00,0.000000000000000000e+00,-5.528536438941955566e-01,-1.118264913558959961e+00,1.763006448745727539e-01,5.130523443222045898e-01,5.224905908107757568e-02,-2.210588008165359497e-01,-6.248041987419128418e-01,0.000000000000000000e+00,0.000000000000000000e+00,0.000000000000000000e+00,0.000000000000000000e+00,0.000000000000000000e+00,0.000000000000000000e+00,0.000000000000000000e+00
-1.984912455081939697e-01,-6.142635643482208252e-02,7.892423272132873535e-01,-2.236650139093399048e-02,2.249351441860198975e-01,1.843623220920562744e-01,9.565116167068481445e-01,-7.228106260299682617e-01,1.145731881260871887e-01,-4.611308872699737549e-02,1.966005750000476837e-02,1.859395802021026611e-01,-2.031509578227996826e-01,-7.346198558807373047e-01,-3.793956041336059570e-01,-1.231737732887268066e-01,4.846571385860443115e-01,5.144130066037178040e-02,8.548054099082946777e-02,2.492535859346389771e-01,5.199999809265136719e-01,5.199999809265136719e-01,-1.304331064224243164e+00,4.002635478973388672e-01,-1.226638793945312500e+00,3.145035207271575928e-01,5.302131175994873047e-01,-2.109681814908981323e-01,3.303374350070953369e-01,0.000000000000000000e+00,0.000000000000000000e+00,0.000000000000000000e+00,0.000000000000000000e+00,0.000000000000000000e+00,0.000000000000000000e+00,0.000000000000000000e+00,-5.304971337318420410e-01,-1.117026567459106445e+00,1.782348901033401489e-01,4.763702452182769775e-01,3.340523317456245422e-02,-2.198496013879776001e-01,-6.178885102272033691e-01,0.000000000000000000e+00,0.000000000000000000e+00,0.000000000000000000e+00,0.000000000000000000e+00,0.000000000000000000e+00,0.000000000000000000e+00,0.000000000000000000e+00
-1.963104754686355591e-01,-6.127846986055374146e-02,7.895158529281616211e-01,-2.578920312225818634e-02,2.228490561246871948e-01,1.844807714223861694e-01,9.568908214569091797e-01,-7.169030904769897461e-01,1.242601424455642700e-01,-4.152202606201171875e-02,1.949087716639041901e-02,1.798165887594223022e-01,-2.062155753374099731e-01,-7.294510602951049805e-01,-3.742399215698242188e-01,-1.342543810606002808e-01,4.904850423336029053e-01,4.666883498430252075e-02,8.556514978408813477e-02,2.464703023433685303e-01,5.199999809265136719e-01,5.199999809265136719e-01,-1.312124133110046387e+00,3.770529627799987793e-01,-1.216149926185607910e+00,3.159170746803283691e-01,5.347340703010559082e-01,-2.074058800935745239e-01,3.337320685386657715e-01,0.000000000000000000e+00,0.000000000000000000e+00,0.000000000000000000e+00,0.000000000000000000e+00,0.000000000000000000e+00,0.000000000000000000e+00,0.000000000000000000e+00,-5.110001564025878906e-01,-1.114855527877807617e+00,1.818532347679138184e-01,4.452395439147949219e-01,1.673796400427818298e-02,-2.157615870237350464e-01,-6.051509976387023926e-01,0.000000000000000000e+00,0.000000000000000000e+00,0.000000000000000000e+00,0.000000000000000000e+00,0.000000000000000000e+00,0.000000000000000000e+00,0.000000000000000000e+00
-1.937955021858215332e-01,-6.130556389689445496e-02,7.906531095504760742e-01,-2.951362542808055878e-02,2.196351438760757446e-01,1.845155805349349976e-01,9.575193524360656738e-01,-7.067800760269165039e-01,1.351965218782424927e-01,-3.776512295007705688e-02,1.779022999107837677e-02,1.726125180721282959e-01,-2.064302414655685425e-01,-7.189784049987792969e-01,-3.672798275947570801e-01,-1.468523591756820679e-01,4.926898479461669922e-01,4.408179223537445068e-02,8.334551751613616943e-02,2.417456805706024170e-01,5.199999809265136719e-01,5.199999809265136719e-01,-1.313947916030883789e+00,3.541812300682067871e-01,-1.205193758010864258e+00,3.198488354682922363e-01,5.380919575691223145e-01,-2.034203112125396729e-01,3.345158994197845459e-01,0.000000000000000000e+00,0.000000000000000000e+00,0.000000000000000000e+00,0.000000000000000000e+00,0.000000000000000000e+00,0.000000000000000000e+00,0.000000000000000000e+00,-4.944707155227661133e-01,-1.110799908638000488e+00,1.910039186477661133e-01,4.110833406448364258e-01,-2.730388659983873367e-03,-2.119494527578353882e-01,-5.873431563377380371e-01,0.000000000000000000e+00,0.000000000000000000e+00,0.000000000000000000e+00,0.000000000000000000e+00,0.000000000000000000e+00,0.000000000000000000e+00,0.000000000000000000e+00
-1.910780966281890869e-01,-6.163911521434783936e-02,7.919907569885253906e-01,-3.195480629801750183e-02,2.151594012975692749e-01,1.836373209953308105e-01,9.586253762245178223e-01,-6.923602223396301270e-01,1.458583772182464600e-01,-3.326933085918426514e-02,1.555570401251316071e-02,1.687734127044677734e-01,-2.092110365629196167e-01,-7.020641565322875977e-01,-3.610329926013946533e-01,-1.601470559835433960e-01,4.880406558513641357e-01,3.722096234560012817e-02,8.018260449171066284e-02,2.356624305248260498e-01,5.199999809265136719e-01,5.199999809265136719e-01,-1.308815360069274902e+00,3.320480585098266602e-01,-1.189865112304687500e+00,3.339995145797729492e-01,5.368518233299255371e-01,-1.974223107099533081e-01,3.377871513366699219e-01,0.000000000000000000e+00,0.000000000000000000e+00,0.000000000000000000e+00,0.000000000000000000e+00,0.000000000000000000e+00,0.000000000000000000e+00,0.000000000000000000e+00,-4.807874858379364014e-01,-1.102863788604736328e+00,2.027322053909301758e-01,3.792921602725982666e-01,-1.631481945514678955e-02,-2.094931900501251221e-01,-5.692234039306640625e-01,0.000000000000000000e+00,0.000000000000000000e+00,0.000000000000000000e+00,0.000000000000000000e+00,0.000000000000000000e+00,0.000000000000000000e+00,0.000000000000000000e+00
-1.882593333721160889e-01,-6.230960413813591003e-02,7.936340570449829102e-01,-3.437453135848045349e-02,2.092050313949584961e-01,1.828557103872299194e-01,9.600080251693725586e-01,-6.744036078453063965e-01,1.571440398693084717e-01,-3.213302791118621826e-02,1.300259493291378021e-02,1.645684391260147095e-01,-2.094857543706893921e-01,-6.809701919555664062e-01,-3.525350391864776611e-01,-1.710612177848815918e-01,4.826472699642181396e-01,3.125167265534400940e-02,7.619718462228775024e-02,2.264794409275054932e-01,5.199999809265136719e-01,5.199999809265136719e-01,-1.300899267196655273e+00,3.127089738845825195e-01,-1.174633622169494629e+00,3.534848690032958984e-01,5.413279533386230469e-01,-1.931638568639755249e-01,3.422062397003173828e-01,0.000000000000000000e+00,0.000000000000000000e+00,0.000000000000000000e+00,0.000000000000000000e+00,0.000000000000000000e+00,0.000000000000000000e+00,0.000000000000000000e+00,-4.684264957904815674e-01,-1.093729972839355469e+00,2.200486958026885986e-01,3.514464497566223145e-01,-3.305313736200332642e-02,-2.069694846868515015e-01,-5.516238212585449219e-01,0.000000000000000000e+00,0.000000000000000000e+00,0.000000000000000000e+00,0.000000000000000000e+00,0.000000000000000000e+00,0.000000000000000000e+00,0.000000000000000000e+00
-1.856016516685485840e-01,-6.329254806041717529e-02,7.953422665596008301e-01,-3.689944371581077576e-02,2.004225850105285645e-01,1.815024465322494507e-01,9.620426297187805176e-01,-6.511436104774475098e-01,1.710935831069946289e-01,-3.055569343268871307e-02,1.155024208128452301e-02,1.575975418090820312e-01,-2.058210670948028564e-01,-6.555379033088684082e-01,-3.432549238204956055e-01,-1.851332783699035645e-01,4.809970855712890625e-01,2.504506148397922516e-02,7.168310135602951050e-02,2.151818871498107910e-01,5.199999809265136719e-01,5.199999809265136719e-01,-1.279709458351135254e+00,2.903565764427185059e-01,-1.153885841369628906e+00,3.834867477416992188e-01,5.356705188751220703e-01,-1.919947266578674316e-01,3.505717515945434570e-01,0.000000000000000000e+00,0.000000000000000000e+00,0.000000000000000000e+00,0.000000000000000000e+00,0.000000000000000000e+00,0.000000000000000000e+00,0.000000000000000000e+00,-4.591684937477111816e-01,-1.078657269477844238e+00,2.429540306329727173e-01,3.178743422031402588e-01,-4.247335717082023621e-02,-2.071432620286941528e-01,-5.328567028045654297e-01,0.000000000000000000e+00,0.000000000000000000e+00,0.000000000000000000e+00,0.000000000000000000e+00,0.000000000000000000e+00,0.000000000000000000e+00,0.000000000000000000e+00
-1.831545531749725342e-01,-6.460843235254287720e-02,7.971431016921997070e-01,-3.741499036550521851e-02,1.921519935131072998e-01,1.789733320474624634e-01,9.641816616058349609e-01,-6.297671794891357422e-01,1.822039633989334106e-01,-2.933558821678161621e-02,1.447053998708724976e-02,1.562980711460113525e-01,-2.012030631303787231e-01,-6.276155114173889160e-01,-3.346291780471801758e-01,-1.953946501016616821e-01,4.701259732246398926e-01,1.435798313468694687e-02,6.454192847013473511e-02,2.065793424844741821e-01,5.179290771484375000e-01,5.199999809265136719e-01,-1.257347226142883301e+00,2.680844664573669434e-01,-1.136781334877014160e+00,4.229378998279571533e-01,5.383177399635314941e-01,-1.871156543493270874e-01,3.542925417423248291e-01,0.000000000000000000e+00,0.000000000000000000e+00,0.000000000000000000e+00,0.000000000000000000e+00,0.000000000000000000e+00,0.000000000000000000e+00,0.000000000000000000e+00,-4.517861902713775635e-01,-1.058386802673339844e+00,2.706808745861053467e-01,2.969656884670257568e-01,-5.769339576363563538e-02,-2.058539539575576782e-01,-5.131232142448425293e-01,0.000000000000000000e+00,0.000000000000000000e+00,0.000000000000000000e+00,0.000000000000000000e+00,0.000000000000000000e+00,0.000000000000000000e+00,0.000000000000000000e+00
-1.811567097902297974e-01,-6.617206335067749023e-02,7.991998791694641113e-01,-3.943812847137451172e-02,1.819823831319808960e-01,1.767418086528778076e-01,9.664829969406127930e-01,-6.049619317054748535e-01,1.970823705196380615e-01,-2.849791012704372406e-02,1.548213046044111252e-02,1.544993966817855835e-01,-2.000978142023086548e-01,-5.926796793937683105e-01,-3.199258744716644287e-01,-2.032894492149353027e-01,4.520784914493560791e-01,7.270826492458581924e-03,6.235084682703018188e-02,1.929608285427093506e-01,5.108551979064941406e-01,5.199999809265136719e-01,-1.226244688034057617e+00,2.444647401571273804e-01,-1.110852479934692383e+00,4.841131865978240967e-01,5.350390076637268066e-01,-1.796331256628036499e-01,3.563461303710937500e-01,0.000000000000000000e+00,0.000000000000000000e+00,0.000000000000000000e+00,0.000000000000000000e+00,0.000000000000000000e+00,0.000000000000000000e+00,0.000000000000000000e+00,-4.449427127838134766e-01,-1.031430602073669434e+00,3.047643303871154785e-01,2.805664539337158203e-01,-6.098509952425956726e-02,-2.026864290237426758e-01,-4.887994229793548584e-01,0.000000000000000000e+00,0.000000000000000000e+00,0.000000000000000000e+00,0.000000000000000000e+00,0.000000000000000000e+00,0.000000000000000000e+00,0.000000000000000000e+00
-1.796104758977890015e-01,-6.763925403356552124e-02,8.007985353469848633e-01,-3.981023654341697693e-02,1.717530786991119385e-01,1.742628216743469238e-01,9.687871336936950684e-01,-5.792211294174194336e-01,2.097087651491165161e-01,-1.780964620411396027e-02,1.591431535780429840e-02,1.535806357860565186e-01,-1.976579427719116211e-01,-5.576741099357604980e-01,-3.086607158184051514e-01,-2.094493657350540161e-01,4.323637783527374268e-01,-1.757315360009670258e-03,5.072337761521339417e-02,1.774518340826034546e-01,4.932903051376342773e-01,5.199999809265136719e-01,-1.189450025558471680e+00,2.201020270586013794e-01,-1.097818493843078613e+00,5.592888593673706055e-01,5.263500809669494629e-01,-1.741341799497604370e-01,3.488218188285827637e-01,0.000000000000000000e+00,0.000000000000000000e+00,0.000000000000000000e+00,0.000000000000000000e+00,0.000000000000000000e+00,0.000000000000000000e+00,0.000000000000000000e+00,-4.476614296436309814e-01,-9.963879585266113281e-01,3.597061932086944580e-01,2.703629732131958008e-01,-5.965745076537132263e-02,-1.994620561599731445e-01,-4.506262242794036865e-01,0.000000000000000000e+00,0.000000000000000000e+00,0.000000000000000000e+00,0.000000000000000000e+00,0.000000000000000000e+00,0.000000000000000000e+00,0.000000000000000000e+00
-1.784745454788208008e-01,-6.920221447944641113e-02,8.026825785636901855e-01,-3.806833922863006592e-02,1.617380082607269287e-01,1.708012968301773071e-01,9.711943864822387695e-01,-5.528277754783630371e-01,2.183353751897811890e-01,-7.470786571502685547e-03,1.812089793384075165e-02,1.541575789451599121e-01,-1.909093558788299561e-01,-5.221140980720520020e-01,-2.991941571235656738e-01,-2.082415968179702759e-01,4.079796075820922852e-01,-1.013960223644971848e-02,5.076554417610168457e-02,1.598566770553588867e-01,4.611578583717346191e-01,5.199999809265136719e-01,-1.149698853492736816e+00,2.005523443222045898e-01,-1.072174191474914551e+00,6.588706970214843750e-01,5.097478628158569336e-01,-1.577038168907165527e-01,3.410184979438781738e-01,0.000000000000000000e+00,0.000000000000000000e+00,0.000000000000000000e+00,0.000000000000000000e+00,0.000000000000000000e+00,0.000000000000000000e+00,0.000000000000000000e+00,-4.619527161121368408e-01,-9.480906724929809570e-01,4.201993048191070557e-01,2.698678374290466309e-01,-5.310498923063278198e-02,-1.865729689598083496e-01,-4.046891033649444580e-01,0.000000000000000000e+00,0.000000000000000000e+00,0.000000000000000000e+00,0.000000000000000000e+00,0.000000000000000000e+00,0.000000000000000000e+00,0.000000000000000000e+00
-1.777472645044326782e-01,-7.043469697237014771e-02,8.044793605804443359e-01,-3.583772853016853333e-02,1.524094492197036743e-01,1.672321408987045288e-01,9.734066128730773926e-01,-5.269936323165893555e-01,2.255311459302902222e-01,1.054270472377538681e-02,1.836397871375083923e-02,1.580493152141571045e-01,-1.845498085021972656e-01,-4.889033734798431396e-01,-2.929915189743041992e-01,-2.094127684831619263e-01,3.832491636276245117e-01,-1.212895289063453674e-02,5.348890647292137146e-02,1.389953494071960449e-01,4.237445294857025146e-01,5.199999809265136719e-01,-1.101206541061401367e+00,1.836775541305541992e-01,-1.054683804512023926e+00,7.626393437385559082e-01,4.902694523334503174e-01,-1.460479050874710083e-01,3.252519369125366211e-01,0.000000000000000000e+00,0.000000000000000000e+00,0.000000000000000000e+00,0.000000000000000000e+00,0.000000000000000000e+00,0.000000000000000000e+00,0.000000000000000000e+00,-4.826127588748931885e-01,-8.995328545570373535e-01,4.922736585140228271e-01,2.848617434501647949e-01,-4.798129945993423462e-02,-1.750562340021133423e-01,-3.549402952194213867e-01,0.000000000000000000e+00,0.000000000000000000e+00,0.000000000000000000e+00,0.000000000000000000e+00,0.000000000000000000e+00,0.000000000000000000e+00,0.000000000000000000e+00
-1.702947467565536499e-01,-7.035282254219055176e-02,8.073205351829528809e-01,-4.083770513534545898e-02,1.345792412757873535e-01,1.552459448575973511e-01,9.778136014938354492e-01,-4.734745919704437256e-01,2.627003788948059082e-01,4.282617568969726562e-02,3.058519959449768066e-02,1.305287331342697144e-01,-1.813098192214965820e-01,-4.005273580551147461e-01,-2.493761628866195679e-01,-2.192003279924392700e-01,2.960017621517181396e-01,1.646835589781403542e-03,5.479349941015243530e-02,1.214380040764808655e-01,3.840013146400451660e-01,5.199999809265136719e-01,-1.039248466491699219e+00,1.862948536872863770e-01,-1.028477191925048828e+00,8.735893368721008301e-01,4.658963978290557861e-01,-1.377860307693481445e-01,3.051732778549194336e-01,0.000000000000000000e+00,0.000000000000000000e+00,0.000000000000000000e+00,0.000000000000000000e+00,0.000000000000000000e+00,0.000000000000000000e+00,0.000000000000000000e+00,-5.142549872398376465e-01,-8.358606100082397461e-01,5.827230215072631836e-01,3.015375435352325439e-01,-5.138364061713218689e-02,-1.688959449529647827e-01,-2.970359027385711670e-01,0.000000000000000000e+00,0.000000000000000000e+00,0.000000000000000000e+00,0.000000000000000000e+00,0.000000000000000000e+00,0.000000000000000000e+00,0.000000000000000000e+00
-1.700182110071182251e-01,-7.092777639627456665e-02,8.093350529670715332e-01,-3.789711371064186096e-02,1.240276247262954712e-01,1.514095216989517212e-01,9.799265861511230469e-01,-4.456427395343780518e-01,2.673343122005462646e-01,6.896594911813735962e-02,3.346795961260795593e-02,1.385906934738159180e-01,-1.787037998437881470e-01,-3.604050278663635254e-01,-2.434582710266113281e-01,-2.141236811876296997e-01,2.596088945865631104e-01,6.777489092200994492e-03,5.843257158994674683e-02,9.958399832248687744e-02,3.490560650825500488e-01,5.199999809265136719e-01,-9.883518815040588379e-01,1.822133958339691162e-01,-1.007060527801513672e+00,9.599869847297668457e-01,4.514507949352264404e-01,-1.334171295166015625e-01,2.797981798648834229e-01,0.000000000000000000e+00,0.000000000000000000e+00,0.000000000000000000e+00,0.000000000000000000e+00,0.000000000000000000e+00,0.000000000000000000e+00,0.000000000000000000e+00,-5.468206405639648438e-01,-7.832792997360229492e-01,6.555852890014648438e-01,3.438723683357238770e-01,-5.925294384360313416e-02,-1.545518189668655396e-01,-2.476871758699417114e-01,0.000000000000000000e+00,0.000000000000000000e+00,0.000000000000000000e+00,0.000000000000000000e+00,0.000000000000000000e+00,0.000000000000000000e+00,0.000000000000000000e+00
-1.698897629976272583e-01,-7.124154269695281982e-02,8.109672665596008301e-01,-3.330441564321517944e-02,1.164616495370864868e-01,1.459289342164993286e-01,9.818514585494995117e-01,-4.220969080924987793e-01,2.667139470577239990e-01,9.027513861656188965e-02,3.479240834712982178e-02,1.456542909145355225e-01,-1.751684099435806274e-01,-3.304979801177978516e-01,-2.452204376459121704e-01,-2.166333943605422974e-01,2.321558445692062378e-01,4.690221510827541351e-03,6.898463517427444458e-02,8.035872131586074829e-02,3.188868463039398193e-01,5.199999809265136719e-01,-9.407996535301208496e-01,1.836597919464111328e-01,-9.833294153213500977e-01,1.024404525756835938e+00,4.231802523136138916e-01,-1.325004845857620239e-01,2.515106797218322754e-01,0.000000000000000000e+00,0.000000000000000000e+00,0.000000000000000000e+00,0.000000000000000000e+00,0.000000000000000000e+00,0.000000000000000000e+00,0.000000000000000000e+00,-5.791525840759277344e-01,-7.421357035636901855e-01,7.087629437446594238e-01,3.893618285655975342e-01,-6.756825000047683716e-02,-1.414519697427749634e-01,-1.993696689605712891e-01,0.000000000000000000e+00,0.000000000000000000e+00,0.000000000000000000e+00,0.000000000000000000e+00,0.000000000000000000e+00,0.000000000000000000e+00,0.000000000000000000e+00
